-- MySQL dump 10.13  Distrib 8.0.34, for Win64 (x86_64)
--
-- Host: localhost    Database: fitnessjournal
-- ------------------------------------------------------
-- Server version	8.0.35

/*!40101 SET @OLD_CHARACTER_SET_CLIENT=@@CHARACTER_SET_CLIENT */;
/*!40101 SET @OLD_CHARACTER_SET_RESULTS=@@CHARACTER_SET_RESULTS */;
/*!40101 SET @OLD_COLLATION_CONNECTION=@@COLLATION_CONNECTION */;
/*!50503 SET NAMES utf8 */;
/*!40103 SET @OLD_TIME_ZONE=@@TIME_ZONE */;
/*!40103 SET TIME_ZONE='+00:00' */;
/*!40014 SET @OLD_UNIQUE_CHECKS=@@UNIQUE_CHECKS, UNIQUE_CHECKS=0 */;
/*!40014 SET @OLD_FOREIGN_KEY_CHECKS=@@FOREIGN_KEY_CHECKS, FOREIGN_KEY_CHECKS=0 */;
/*!40101 SET @OLD_SQL_MODE=@@SQL_MODE, SQL_MODE='NO_AUTO_VALUE_ON_ZERO' */;
/*!40111 SET @OLD_SQL_NOTES=@@SQL_NOTES, SQL_NOTES=0 */;

--
-- Table structure for table `account`
--

DROP TABLE IF EXISTS `account`;
/*!40101 SET @saved_cs_client     = @@character_set_client */;
/*!50503 SET character_set_client = utf8mb4 */;
CREATE TABLE `account` (
  `account_id` int NOT NULL,
  `first_name` varchar(45) NOT NULL,
  `last_name` varchar(45) NOT NULL,
  `age` int NOT NULL,
  `gender` varchar(45) NOT NULL,
  `height` float NOT NULL,
  `weight` float NOT NULL,
  `special_period` varchar(45) DEFAULT NULL,
  `has_weight_scale` tinyint(1) NOT NULL,
  `height_unit` varchar(45) DEFAULT 'cm',
  `weight_unit` varchar(45) DEFAULT 'kg',
  PRIMARY KEY (`account_id`),
  CONSTRAINT `account` FOREIGN KEY (`account_id`) REFERENCES `user` (`account_id`)
) ENGINE=InnoDB DEFAULT CHARSET=utf8mb4 COLLATE=utf8mb4_0900_ai_ci;
/*!40101 SET character_set_client = @saved_cs_client */;

--
-- Dumping data for table `account`
--

LOCK TABLES `account` WRITE;
/*!40000 ALTER TABLE `account` DISABLE KEYS */;
INSERT INTO `account` VALUES (1,'Jack','Black',16,'male',182,73,'',1,'cm','kg'),(2,'john','smith',22,'male',184,80,NULL,1,'cm','kg'),(4,'Kate','Kate',21,'female',164,56,'',1,'cm','kg'),(5,'Jerry','Den',55,'female',162,51,'',1,'cm','kg');
/*!40000 ALTER TABLE `account` ENABLE KEYS */;
UNLOCK TABLES;

--
-- Table structure for table `account_bmr`
--

DROP TABLE IF EXISTS `account_bmr`;
/*!40101 SET @saved_cs_client     = @@character_set_client */;
/*!50503 SET character_set_client = utf8mb4 */;
CREATE TABLE `account_bmr` (
  `account_id` int NOT NULL,
  `bmr_value` float NOT NULL,
  PRIMARY KEY (`account_id`),
  CONSTRAINT `bmr account` FOREIGN KEY (`account_id`) REFERENCES `account` (`account_id`)
) ENGINE=InnoDB DEFAULT CHARSET=utf8mb4 COLLATE=utf8mb4_0900_ai_ci;
/*!40101 SET character_set_client = @saved_cs_client */;

--
-- Dumping data for table `account_bmr`
--

LOCK TABLES `account_bmr` WRITE;
/*!40000 ALTER TABLE `account_bmr` DISABLE KEYS */;
INSERT INTO `account_bmr` VALUES (1,1792.5),(2,1845),(4,1319),(5,1086.5);
/*!40000 ALTER TABLE `account_bmr` ENABLE KEYS */;
UNLOCK TABLES;

--
-- Table structure for table `diet`
--

DROP TABLE IF EXISTS `diet`;
/*!40101 SET @saved_cs_client     = @@character_set_client */;
/*!50503 SET character_set_client = utf8mb4 */;
CREATE TABLE `diet` (
  `id` int NOT NULL AUTO_INCREMENT,
  `account_id` int NOT NULL,
  `date` date NOT NULL,
  `mealtype` varchar(45) NOT NULL,
  PRIMARY KEY (`id`),
  KEY `diet account_idx` (`account_id`),
  CONSTRAINT `diet account` FOREIGN KEY (`account_id`) REFERENCES `account` (`account_id`)
) ENGINE=InnoDB AUTO_INCREMENT=22 DEFAULT CHARSET=utf8mb4 COLLATE=utf8mb4_0900_ai_ci;
/*!40101 SET character_set_client = @saved_cs_client */;

--
-- Dumping data for table `diet`
--

LOCK TABLES `diet` WRITE;
/*!40000 ALTER TABLE `diet` DISABLE KEYS */;
INSERT INTO `diet` VALUES (3,1,'2023-11-06','BREAKFAST'),(4,1,'2023-11-03','DINNER'),(5,1,'2023-10-29','LUNCH'),(6,1,'2023-11-07','DINNER'),(7,1,'2023-11-10','BREAKFAST'),(8,1,'2023-11-11','LUNCH'),(9,1,'2023-11-13','BREAKFAST'),(10,1,'2023-11-13','LUNCH'),(11,1,'2023-11-14','DINNER'),(12,1,'2023-11-14','BREAKFAST'),(13,1,'2023-11-12','SNACK'),(14,1,'2023-11-19','DINNER'),(15,1,'2023-11-17','BREAKFAST'),(16,1,'3923-11-03','DINNER'),(17,1,'2023-11-20','LUNCH'),(18,1,'2023-11-20','BREAKFAST'),(19,1,'2023-11-20','DINNER'),(20,1,'2023-11-16','BREAKFAST'),(21,1,'2023-11-21','BREAKFAST');
/*!40000 ALTER TABLE `diet` ENABLE KEYS */;
UNLOCK TABLES;

--
-- Table structure for table `exercise`
--

DROP TABLE IF EXISTS `exercise`;
/*!40101 SET @saved_cs_client     = @@character_set_client */;
/*!50503 SET character_set_client = utf8mb4 */;
CREATE TABLE `exercise` (
  `exercise_type` varchar(45) NOT NULL,
  `intensity` varchar(45) NOT NULL,
  `met_value` float NOT NULL,
  PRIMARY KEY (`exercise_type`,`intensity`)
) ENGINE=InnoDB DEFAULT CHARSET=utf8mb4 COLLATE=utf8mb4_0900_ai_ci;
/*!40101 SET character_set_client = @saved_cs_client */;

--
-- Dumping data for table `exercise`
--

LOCK TABLES `exercise` WRITE;
/*!40000 ALTER TABLE `exercise` DISABLE KEYS */;
INSERT INTO `exercise` VALUES ('Basketball','game',8),('Basketball','general',6),('Basketball','shooting baskets',4.5),('Biking','for pleasure',4),('Biking','light effort',8),('Biking','moderate effort',10),('Biking','racing or vigorous effort',12),('Calisthenics','light effort',2.8),('Calisthenics','moderate effort',3.8),('Calisthenics','vigorous effort',8),('Running','10 mph (6 min/mile)',16),('Running','5 mph (12 min/mile)',8),('Running','7 mph (8.5 min/mile)',11.5),('Swimming','light or moderate effort',5.8),('Swimming','vigorous effort',9.8),('Walking','for exercise',4.5),('Walking','moderate pace',3.5),('Walking','very brisk pace',5);
/*!40000 ALTER TABLE `exercise` ENABLE KEYS */;
UNLOCK TABLES;

--
-- Table structure for table `exercise_calories_burnt`
--

DROP TABLE IF EXISTS `exercise_calories_burnt`;
/*!40101 SET @saved_cs_client     = @@character_set_client */;
/*!50503 SET character_set_client = utf8mb4 */;
CREATE TABLE `exercise_calories_burnt` (
  `exercise_id` int NOT NULL,
  `account_id` int NOT NULL,
  `calories_burnt` float NOT NULL,
  PRIMARY KEY (`exercise_id`,`account_id`),
  KEY `accid_idx` (`account_id`),
  CONSTRAINT `accid` FOREIGN KEY (`account_id`) REFERENCES `account` (`account_id`)
) ENGINE=InnoDB DEFAULT CHARSET=utf8mb4 COLLATE=utf8mb4_0900_ai_ci;
/*!40101 SET character_set_client = @saved_cs_client */;

--
-- Dumping data for table `exercise_calories_burnt`
--

LOCK TABLES `exercise_calories_burnt` WRITE;
/*!40000 ALTER TABLE `exercise_calories_burnt` DISABLE KEYS */;
INSERT INTO `exercise_calories_burnt` VALUES (1,1,900),(2,1,336.094),(3,1,649.781),(4,1,1493.75),(5,1,283.812),(6,1,933.594),(7,1,956),(8,1,2240.62),(9,1,365.969),(10,1,649.781);
/*!40000 ALTER TABLE `exercise_calories_burnt` ENABLE KEYS */;
UNLOCK TABLES;

--
-- Table structure for table `exercise_log`
--

DROP TABLE IF EXISTS `exercise_log`;
/*!40101 SET @saved_cs_client     = @@character_set_client */;
/*!50503 SET character_set_client = utf8mb4 */;
CREATE TABLE `exercise_log` (
  `account_id` int NOT NULL,
  `exercise_id` int NOT NULL,
  `exercise_type` varchar(45) NOT NULL,
  `intensity` varchar(45) NOT NULL,
  `exercise_date` date NOT NULL,
  `duration` float NOT NULL,
  PRIMARY KEY (`account_id`,`exercise_id`),
  KEY `intensity_idx` (`intensity`),
  KEY `type_idx` (`exercise_type`,`intensity`),
  CONSTRAINT `account_exer` FOREIGN KEY (`account_id`) REFERENCES `account` (`account_id`),
  CONSTRAINT `type` FOREIGN KEY (`exercise_type`, `intensity`) REFERENCES `exercise` (`exercise_type`, `intensity`)
) ENGINE=InnoDB DEFAULT CHARSET=utf8mb4 COLLATE=utf8mb4_0900_ai_ci;
/*!40101 SET character_set_client = @saved_cs_client */;

--
-- Dumping data for table `exercise_log`
--

LOCK TABLES `exercise_log` WRITE;
/*!40000 ALTER TABLE `exercise_log` DISABLE KEYS */;
INSERT INTO `exercise_log` VALUES (1,1,'basketball','game','2023-11-11',30),(1,2,'Basketball','shooting baskets','2023-11-17',1),(1,3,'Swimming','light or moderate effort','2023-11-19',1.5),(1,4,'Biking','moderate effort','2023-11-19',2),(1,5,'Calisthenics','moderate effort','2023-11-20',1),(1,6,'Walking','very brisk pace','2023-11-20',2.5),(1,7,'Running','10 mph (6 min/mile)','2023-11-16',0.8),(1,8,'Biking','moderate effort','2023-11-21',3),(1,9,'Swimming','vigorous effort','2023-11-15',0.5),(1,10,'Swimming','light or moderate effort','2023-11-21',1.5);
/*!40000 ALTER TABLE `exercise_log` ENABLE KEYS */;
UNLOCK TABLES;

--
-- Table structure for table `food_group`
--

DROP TABLE IF EXISTS `food_group`;
/*!40101 SET @saved_cs_client     = @@character_set_client */;
/*!50503 SET character_set_client = utf8mb4 */;
CREATE TABLE `food_group` (
  `FoodGroupID` int NOT NULL,
  `FoodGroupName` text,
  `CategoryName` varchar(45) DEFAULT NULL,
  PRIMARY KEY (`FoodGroupID`)
) ENGINE=InnoDB DEFAULT CHARSET=utf8mb4 COLLATE=utf8mb4_0900_ai_ci;
/*!40101 SET character_set_client = @saved_cs_client */;

--
-- Dumping data for table `food_group`
--

LOCK TABLES `food_group` WRITE;
/*!40000 ALTER TABLE `food_group` DISABLE KEYS */;
INSERT INTO `food_group` VALUES (1,'Dairy and Egg Products','Milk and Alternatives'),(2,'Spices and Herbs','Others'),(3,'Babyfoods','Others'),(4,'Fats and Oils','Others'),(5,'Poultry Products','Meat and Alternatives'),(6,'Soups, Sauces and Gravies','Meat and Alternatives'),(7,'Sausages and Luncheon meats','Meat and Alternatives'),(8,'Breakfast cereals','Grain Products'),(9,'Fruits and fruit juices','Vegetables and Fruit'),(10,'Pork Products','Meat and Alternatives'),(11,'Vegetables and Vegetable Products','Vegetables and Fruit'),(12,'Nuts and Seeds','Vegetables and Fruit'),(13,'Beef Products','Meat and Alternatives'),(14,'Beverages','Milk and Alternatives'),(15,'Finfish and Shellfish Products','Meat and Alternatives'),(16,'Legumes and Legume Products','Vegetables and Fruit'),(17,'Lamb, Veal and Game','Meat and Alternatives'),(18,'Baked Products','Grain Products'),(19,'Sweets','Meat and Alternatives'),(20,'Cereals, Grains and Pasta','Grain Products'),(21,'Fast Foods','Others'),(22,'Mixed Dishes','Vegetables and Fruit'),(25,'Snacks','Others');
/*!40000 ALTER TABLE `food_group` ENABLE KEYS */;
UNLOCK TABLES;

--
-- Table structure for table `food_in_diet`
--

DROP TABLE IF EXISTS `food_in_diet`;
/*!40101 SET @saved_cs_client     = @@character_set_client */;
/*!50503 SET character_set_client = utf8mb4 */;
CREATE TABLE `food_in_diet` (
  `diet_id` int NOT NULL,
  `food_id` int NOT NULL,
  `Quantity` double NOT NULL,
  PRIMARY KEY (`diet_id`,`food_id`),
  KEY `foodID_idx` (`food_id`),
  CONSTRAINT `diet food in diet` FOREIGN KEY (`diet_id`) REFERENCES `diet` (`id`),
  CONSTRAINT `foodID` FOREIGN KEY (`food_id`) REFERENCES `food_name` (`Food_ID`)
) ENGINE=InnoDB DEFAULT CHARSET=utf8mb4 COLLATE=utf8mb4_0900_ai_ci;
/*!40101 SET character_set_client = @saved_cs_client */;

--
-- Dumping data for table `food_in_diet`
--

LOCK TABLES `food_in_diet` WRITE;
/*!40000 ALTER TABLE `food_in_diet` DISABLE KEYS */;
INSERT INTO `food_in_diet` VALUES (3,130,60),(3,1513,150),(3,4305,120),(5,92,25),(5,2698,150),(6,92,20),(6,843,150),(6,2375,100),(7,130,70),(7,1513,90),(8,92,15),(8,1873,90),(8,2381,70),(9,1513,80),(9,2375,100),(10,605,150),(10,2381,150),(10,5685,70),(11,3085,130),(11,4469,180),(11,4882,200),(12,130,60),(12,843,150),(12,502165,200),(13,4296,80),(13,502436,110),(14,1513,150),(14,3085,180),(14,3908,100),(15,92,50),(15,130,120),(15,501987,90),(17,130,120),(17,4397,80),(17,4882,150),(18,92,50),(18,130,70),(18,1513,120),(19,1873,130),(19,4469,160),(19,501987,70),(20,1859,50),(20,4882,100),(20,502165,130),(21,130,70),(21,2375,100),(21,502165,150);
/*!40000 ALTER TABLE `food_in_diet` ENABLE KEYS */;
UNLOCK TABLES;

--
-- Table structure for table `food_name`
--

DROP TABLE IF EXISTS `food_name`;
/*!40101 SET @saved_cs_client     = @@character_set_client */;
/*!50503 SET character_set_client = utf8mb4 */;
CREATE TABLE `food_name` (
  `Food_ID` int NOT NULL,
  `Food_Description` text,
  `food_group_id` int DEFAULT NULL,
  `value_per_serving` double DEFAULT NULL,
  PRIMARY KEY (`Food_ID`),
  KEY `group_idx` (`food_group_id`),
  CONSTRAINT `group` FOREIGN KEY (`food_group_id`) REFERENCES `food_group` (`FoodGroupID`)
) ENGINE=InnoDB DEFAULT CHARSET=utf8mb4 COLLATE=utf8mb4_0900_ai_ci;
/*!40101 SET character_set_client = @saved_cs_client */;

--
-- Dumping data for table `food_name`
--

LOCK TABLES `food_name` WRITE;
/*!40000 ALTER TABLE `food_name` DISABLE KEYS */;
INSERT INTO `food_name` VALUES (92,'Butter, unsalted',1,50),(130,'Egg, chicken, whole, cooked, boiled in shell, hard-cooked',1,100),(605,'Chicken, broiler, drumstick, meat and skin, flour coated, fried',5,75),(843,'Chicken, broiler, breast, meat, stewed',5,75),(1513,'Avocado, raw, florida',9,250),(1859,'Pork, cured, back bacon, grilled',10,75),(1873,'Pork, cured, ham, whole, lean',10,75),(2375,'Broccoli, boiled, drained',11,125),(2381,'Carrot, boiled, drained',11,125),(2698,'Beef, ground, regular',13,75),(3085,'Fish, tuna, yellowfin, fresh, raw',15,125),(3908,'English muffin, whole wheat',18,35),(4296,'Sweets, jellies',19,125),(4305,'Dessert, pudding, banana, dry mix, instant, unprepared',19,125),(4397,'Candied foods, cherries',19,125),(4469,'Pasta, spaghetti, unenriched, cooked',20,125),(4882,'Cabbage, napa, cooked',11,125),(5528,'Candies, chocolate covered, dietetic or low calorie',19,25),(5685,'Sausage, Italian, turkey, smoked',7,75),(501987,'Zucchini, battered and fried',22,125),(502165,'Yogourt, vanilla flavoured, low fat (0.5-1.9% M.F.)',1,175),(502415,'Bread, whole grain (whole-wheat), commercial',18,35),(502436,'Apple, Fuji, raw, with skin',9,125);
/*!40000 ALTER TABLE `food_name` ENABLE KEYS */;
UNLOCK TABLES;

--
-- Temporary view structure for view `foods`
--

DROP TABLE IF EXISTS `foods`;
/*!50001 DROP VIEW IF EXISTS `foods`*/;
SET @saved_cs_client     = @@character_set_client;
/*!50503 SET character_set_client = utf8mb4 */;
/*!50001 CREATE VIEW `foods` AS SELECT 
 1 AS `id`,
 1 AS `food_id`,
 1 AS `Food_Description`,
 1 AS `food_group_id`,
 1 AS `FoodGroupName`,
 1 AS `CategoryName`,
 1 AS `Quantity`,
 1 AS `value_CFG`*/;
SET character_set_client = @saved_cs_client;

--
-- Table structure for table `nutrient_amount`
--

DROP TABLE IF EXISTS `nutrient_amount`;
/*!40101 SET @saved_cs_client     = @@character_set_client */;
/*!50503 SET character_set_client = utf8mb4 */;
CREATE TABLE `nutrient_amount` (
  `Food_ID` int NOT NULL,
  `Nutrient_ID` int NOT NULL,
  `Nutrient_Value` double DEFAULT NULL,
  PRIMARY KEY (`Food_ID`,`Nutrient_ID`),
  KEY `nutrient in nutrient amount_idx` (`Nutrient_ID`),
  CONSTRAINT `food in nutrient amount` FOREIGN KEY (`Food_ID`) REFERENCES `food_name` (`Food_ID`),
  CONSTRAINT `nutrient in nutrient amount` FOREIGN KEY (`Nutrient_ID`) REFERENCES `nutrient_name` (`Nutrient_ID`)
) ENGINE=InnoDB DEFAULT CHARSET=utf8mb4 COLLATE=utf8mb4_0900_ai_ci;
/*!40101 SET character_set_client = @saved_cs_client */;

--
-- Dumping data for table `nutrient_amount`
--

LOCK TABLES `nutrient_amount` WRITE;
/*!40000 ALTER TABLE `nutrient_amount` DISABLE KEYS */;
INSERT INTO `nutrient_amount` VALUES (92,203,0.85),(92,204,81.11),(92,205,0.06),(92,207,0.04),(92,208,717),(92,221,0),(92,255,17.94),(92,262,0),(92,263,0),(92,268,2999),(92,269,0.06),(92,291,0),(92,301,24),(92,303,0.02),(92,304,2),(92,305,24),(92,306,24),(92,307,11),(92,309,0.09),(92,312,0.016),(92,315,0.004),(92,317,1),(92,319,671),(92,321,158),(92,323,2.32),(92,324,60),(92,339,1.5),(92,401,0),(92,404,0.005),(92,405,0.034),(92,406,0.042),(92,409,0.242),(92,410,0.11),(92,415,0.003),(92,417,3),(92,418,0.17),(92,430,7),(92,431,0),(92,501,0.012),(92,502,0.038),(92,503,0.051),(92,504,0.083),(92,505,0.067),(92,506,0.021),(92,507,0.008),(92,508,0.041),(92,509,0.041),(92,510,0.057),(92,511,0.031),(92,512,0.023),(92,513,0.029),(92,514,0.064),(92,515,0.178),(92,516,0.018),(92,517,0.082),(92,518,0.046),(92,601,215),(92,605,4.435),(92,606,51.368),(92,607,3.226),(92,608,2.007),(92,609,1.19),(92,610,2.529),(92,611,2.587),(92,612,7.436),(92,613,21.697),(92,614,9.999),(92,615,0.138),(92,617,19.961),(92,618,2.728),(92,619,0.315),(92,620,0),(92,621,0),(92,626,0.961),(92,627,0),(92,628,0.1),(92,629,0),(92,630,0),(92,631,0),(92,636,4),(92,638,0),(92,645,21.021),(92,646,3.043),(92,653,0.56),(92,806,3),(92,811,0),(92,812,0),(92,813,0),(92,814,684),(92,815,3),(92,816,4),(92,818,2.982),(92,819,0.296),(92,821,0.961),(92,824,16.978),(92,825,2.166),(92,827,0),(92,829,2.982),(92,831,0.315),(92,832,0),(92,834,0),(92,835,0),(92,836,0),(92,837,0),(92,838,0.267),(92,840,0),(92,852,0),(92,854,0),(92,855,0),(92,859,0.296),(92,861,0),(92,862,18.8),(92,868,0.31),(92,869,2.16),(130,203,11.8),(130,204,10.01),(130,205,1.85),(130,207,0.96),(130,208,141),(130,210,0.11),(130,211,0.21),(130,212,0.11),(130,213,0.11),(130,214,0.11),(130,221,0),(130,255,76.25),(130,262,0),(130,263,0),(130,268,590),(130,269,0.77),(130,287,0.11),(130,291,0),(130,301,45),(130,303,1.39),(130,304,9),(130,305,126),(130,306,114),(130,307,125),(130,309,1.16),(130,312,0.055),(130,315,0.049),(130,317,34.3),(130,319,191),(130,321,0),(130,323,2.45),(130,324,58),(130,339,1.3),(130,401,0),(130,404,0.06),(130,405,0.47),(130,406,0.111),(130,409,3.378),(130,410,2.44),(130,415,0.068),(130,417,54),(130,418,1.616),(130,430,0.3),(130,431,0),(130,501,0.196),(130,502,0.562),(130,503,0.647),(130,504,1.068),(130,505,0.904),(130,506,0.391),(130,507,0.28),(130,508,0.685),(130,509,0.502),(130,510,0.809),(130,511,0.778),(130,512,0.303),(130,513,0.709),(130,514,1.259),(130,515,1.63),(130,516,0.412),(130,517,0.48),(130,518,0.929),(130,550,0),(130,601,366),(130,605,0.069),(130,606,3.043),(130,607,0),(130,608,0),(130,609,0),(130,610,0),(130,611,0.001),(130,612,0.031),(130,613,2.218),(130,614,0.761),(130,615,0.002),(130,617,3.81),(130,618,1.109),(130,619,0.073),(130,621,0.072),(130,624,0),(130,625,0.007),(130,626,0.322),(130,627,0.002),(130,628,0.021),(130,629,0.002),(130,630,0),(130,631,0.008),(130,636,0),(130,638,0),(130,645,4.182),(130,646,1.446),(130,652,0.006),(130,653,0.02),(130,654,0.004),(130,806,54),(130,814,191),(130,815,54),(130,816,0),(130,817,0.007),(130,818,0.042),(130,820,0.007),(130,821,0.315),(130,823,0.011),(130,824,3.769),(130,825,1.078),(130,826,0.014),(130,827,0.016),(130,829,0.048),(130,831,0.062),(130,832,0.008),(130,833,0),(130,836,0),(130,837,332),(130,838,0.014),(130,840,0),(130,841,0.003),(130,845,0.012),(130,846,0.007),(130,847,0),(130,849,0),(130,852,0),(130,853,0.017),(130,854,0.016),(130,855,0.156),(130,859,0.02),(130,861,0),(130,862,293.8),(130,868,0.144),(130,869,1.27),(130,874,0),(130,875,0),(130,876,0),(605,203,26.96),(605,204,13.72),(605,205,1.63),(605,207,0.96),(605,208,245),(605,221,0),(605,255,56.73),(605,262,0),(605,263,0),(605,268,1025),(605,291,0.1),(605,301,12),(605,303,1.34),(605,304,23),(605,305,176),(605,306,229),(605,307,89),(605,309,2.89),(605,312,0.08),(605,315,0.028),(605,317,18.4),(605,319,25),(605,321,1),(605,323,0.77),(605,324,11),(605,339,0.3),(605,401,0),(605,404,0.081),(605,405,0.225),(605,406,6.037),(605,409,11.154),(605,410,1.215),(605,415,0.35),(605,417,10),(605,418,0.32),(605,431,2),(605,501,0.307),(605,502,1.12),(605,503,1.371),(605,504,1.983),(605,505,2.214),(605,506,0.725),(605,507,0.356),(605,508,1.058),(605,509,0.882),(605,510,1.318),(605,511,1.663),(605,512,0.806),(605,513,1.531),(605,514,2.393),(605,515,4.027),(605,516,1.592),(605,517,1.255),(605,518,0.948),(605,601,90),(605,606,3.66),(605,610,0),(605,611,0.02),(605,612,0.09),(605,613,2.5),(605,614,0.97),(605,617,4.75),(605,618,2.83),(605,619,0.14),(605,620,0.11),(605,621,0.04),(605,626,0.54),(605,628,0.08),(605,629,0.01),(605,630,0),(605,631,0.02),(605,645,5.42),(605,646,3.23),(605,806,8),(605,814,25),(605,815,11),(605,827,0),(605,831,0.14),(605,832,0),(605,840,0),(605,852,0),(605,854,0),(605,855,0.11),(605,861,0),(843,203,28.98),(843,204,3.03),(843,205,0),(843,207,0.91),(843,208,151),(843,210,0),(843,211,0),(843,212,0),(843,213,0),(843,214,0),(843,221,0),(843,255,68.27),(843,260,0),(843,261,0),(843,262,0),(843,263,0),(843,268,631),(843,269,0),(843,287,0),(843,291,0),(843,301,13),(843,303,0.88),(843,304,24),(843,305,165),(843,306,187),(843,307,63),(843,309,0.97),(843,312,0.043),(843,315,0.018),(843,317,22.3),(843,319,6),(843,321,0),(843,323,0.27),(843,324,5),(843,339,0.1),(843,401,0),(843,404,0.042),(843,405,0.119),(843,406,8.469),(843,409,14.119),(843,410,0.573),(843,415,0.33),(843,417,3),(843,418,0.23),(843,430,0.2),(843,431,0),(843,501,0.339),(843,502,1.224),(843,503,1.53),(843,504,2.175),(843,505,2.462),(843,506,0.802),(843,507,0.371),(843,508,1.15),(843,509,0.978),(843,510,1.437),(843,511,1.748),(843,512,0.9),(843,513,1.581),(843,514,2.583),(843,515,4.34),(843,516,1.424),(843,517,1.192),(843,518,0.997),(843,601,77),(843,606,0.85),(843,607,0),(843,608,0),(843,609,0),(843,610,0),(843,611,0.01),(843,612,0.03),(843,613,0.58),(843,614,0.21),(843,617,0.87),(843,618,0.5),(843,619,0.02),(843,620,0.05),(843,621,0.02),(843,626,0.12),(843,627,0),(843,628,0.012),(843,629,0.01),(843,631,0.01),(843,645,1.03),(843,646,0.66),(843,802,0),(843,803,0),(843,806,3),(843,810,0),(843,814,6),(843,815,3),(843,825,0.5),(843,827,0),(843,831,0.02),(843,832,0),(843,834,0),(843,835,0),(843,836,0),(843,837,0),(843,854,0),(843,855,0.05),(843,861,0),(843,862,78.5),(843,863,5.7),(843,868,0.088),(843,869,0.32),(1513,203,2.23),(1513,204,10.06),(1513,205,7.82),(1513,207,1.08),(1513,208,120),(1513,210,0),(1513,211,2.17),(1513,212,0.25),(1513,213,0),(1513,214,0),(1513,221,0),(1513,255,78.81),(1513,262,0),(1513,263,0),(1513,268,501),(1513,269,2.42),(1513,291,5.6),(1513,301,10),(1513,303,0.17),(1513,304,24),(1513,305,40),(1513,306,351),(1513,307,2),(1513,309,0.4),(1513,312,0.311),(1513,315,0.095),(1513,319,0),(1513,321,53),(1513,323,2.66),(1513,324,0),(1513,339,0),(1513,401,17.4),(1513,404,0.021),(1513,405,0.053),(1513,406,0.672),(1513,409,1.139),(1513,410,0.931),(1513,415,0.078),(1513,417,35),(1513,418,0),(1513,431,0),(1513,501,0.028),(1513,502,0.082),(1513,503,0.094),(1513,504,0.16),(1513,505,0.147),(1513,506,0.042),(1513,507,0.031),(1513,508,0.108),(1513,509,0.054),(1513,510,0.12),(1513,511,0.099),(1513,512,0.055),(1513,513,0.121),(1513,514,0.264),(1513,515,0.321),(1513,516,0.116),(1513,517,0.11),(1513,518,0.128),(1513,601,0),(1513,606,1.96),(1513,613,1.905),(1513,614,0.055),(1513,617,4.689),(1513,618,1.58),(1513,619,0.096),(1513,621,0),(1513,626,0.825),(1513,631,0),(1513,645,5.513),(1513,646,1.676),(1513,806,35),(1513,811,0.08),(1513,812,0.39),(1513,813,0),(1513,814,7),(1513,815,35),(1513,831,0.096),(1513,832,0),(1513,834,27),(1513,835,36),(1513,854,0),(1513,861,0),(1859,203,24.24),(1859,204,8.44),(1859,205,1.35),(1859,207,4.27),(1859,208,185),(1859,221,0),(1859,255,61.7),(1859,262,0),(1859,263,0),(1859,268,774),(1859,269,0),(1859,291,0),(1859,301,10),(1859,303,0.82),(1859,304,21),(1859,305,296),(1859,306,390),(1859,307,1546),(1859,309,1.7),(1859,312,0.054),(1859,315,0.027),(1859,317,24.7),(1859,319,0),(1859,321,0),(1859,323,0.34),(1859,324,43),(1859,339,1.1),(1859,401,0),(1859,404,0.824),(1859,405,0.197),(1859,406,6.915),(1859,409,10.915),(1859,410,0.52),(1859,415,0.45),(1859,417,4),(1859,418,0.78),(1859,430,0),(1859,431,0),(1859,501,0.24),(1859,502,0.973),(1859,503,0.915),(1859,504,1.706),(1859,505,1.908),(1859,506,0.659),(1859,507,0.302),(1859,508,0.787),(1859,509,0.733),(1859,510,0.966),(1859,511,1.322),(1859,512,0.88),(1859,513,1.233),(1859,514,2.02),(1859,515,3.354),(1859,516,1.043),(1859,517,0.907),(1859,518,0.919),(1859,601,58),(1859,606,2.84),(1859,607,0),(1859,608,0),(1859,609,0),(1859,610,0.03),(1859,611,0.02),(1859,612,0.13),(1859,613,1.79),(1859,614,0.88),(1859,617,3.65),(1859,618,0.69),(1859,619,0.12),(1859,620,0),(1859,621,0),(1859,626,0.38),(1859,627,0),(1859,628,0),(1859,629,0),(1859,630,0),(1859,631,0),(1859,636,0),(1859,638,0),(1859,645,4.04),(1859,646,0.81),(1859,806,4),(1859,814,0),(1859,815,4),(1859,816,0),(1859,831,0.12),(1859,832,0),(1859,834,0),(1859,835,0),(1859,836,0),(1859,837,0),(1859,840,0),(1859,852,0),(1859,854,0),(1859,855,0),(1859,861,0),(1859,862,80.6),(1859,863,2.3),(1873,203,25.05),(1873,204,5.5),(1873,205,0),(1873,207,3.74),(1873,208,157),(1873,210,0),(1873,211,0),(1873,212,0),(1873,213,0),(1873,214,0),(1873,221,0),(1873,255,65.78),(1873,260,0),(1873,261,0),(1873,262,0),(1873,263,0),(1873,268,657),(1873,269,0),(1873,287,0),(1873,291,0),(1873,301,7),(1873,303,0.94),(1873,304,22),(1873,305,227),(1873,306,316),(1873,307,1327),(1873,309,2.57),(1873,312,0.087),(1873,315,0.016),(1873,317,25.4),(1873,319,0),(1873,321,0),(1873,323,0.26),(1873,324,34),(1873,339,0.9),(1873,401,0),(1873,404,0.68),(1873,405,0.254),(1873,406,5.02),(1873,409,10.02),(1873,410,0.498),(1873,415,0.47),(1873,417,4),(1873,418,0.7),(1873,430,0),(1873,431,0),(1873,501,0.3),(1873,502,1.114),(1873,503,1.098),(1873,504,1.988),(1873,505,2.124),(1873,506,0.661),(1873,507,0.377),(1873,508,1.082),(1873,509,0.822),(1873,510,1.086),(1873,511,1.627),(1873,512,0.898),(1873,513,1.479),(1873,514,2.372),(1873,515,4.084),(1873,516,1.302),(1873,517,1.07),(1873,518,1.026),(1873,601,55),(1873,606,1.84),(1873,607,0),(1873,608,0),(1873,609,0),(1873,610,0.02),(1873,611,0.02),(1873,612,0.07),(1873,613,1.17),(1873,614,0.56),(1873,617,2.32),(1873,618,0.5),(1873,619,0.06),(1873,620,0.07),(1873,621,0),(1873,626,0.21),(1873,627,0),(1873,628,0),(1873,629,0),(1873,630,0),(1873,631,0),(1873,636,0),(1873,638,0),(1873,645,2.53),(1873,646,0.63),(1873,802,0),(1873,803,0),(1873,806,4),(1873,810,0),(1873,814,0),(1873,815,4),(1873,816,0),(1873,831,0.06),(1873,832,0),(1873,834,0),(1873,835,0),(1873,836,0),(1873,837,0),(1873,840,0),(1873,852,0),(1873,854,0),(1873,861,0),(1873,862,101.9),(1873,863,6.8),(2375,203,2.38),(2375,204,0.41),(2375,205,7.18),(2375,207,0.77),(2375,208,35),(2375,210,0.08),(2375,211,0.49),(2375,212,0.74),(2375,213,0),(2375,214,0),(2375,221,0),(2375,255,89.25),(2375,262,0),(2375,263,0),(2375,268,146),(2375,269,1.39),(2375,287,0),(2375,291,2.4),(2375,301,40),(2375,303,0.67),(2375,304,21),(2375,305,67),(2375,306,293),(2375,307,41),(2375,309,0.45),(2375,312,0.061),(2375,315,0.194),(2375,317,1.6),(2375,319,0),(2375,321,929),(2375,323,1.45),(2375,324,0),(2375,339,0),(2375,401,64.9),(2375,404,0.063),(2375,405,0.123),(2375,406,0.553),(2375,409,1.12),(2375,410,0.616),(2375,415,0.2),(2375,417,108),(2375,418,0),(2375,430,141.1),(2375,431,0),(2375,501,0.034),(2375,502,0.096),(2375,503,0.092),(2375,504,0.147),(2375,505,0.15),(2375,506,0.043),(2375,507,0.031),(2375,508,0.116),(2375,509,0.06),(2375,510,0.138),(2375,511,0.2),(2375,512,0.063),(2375,513,0.114),(2375,514,0.329),(2375,515,0.549),(2375,516,0.101),(2375,517,0.111),(2375,518,0.129),(2375,601,0),(2375,606,0.079),(2375,607,0),(2375,608,0),(2375,609,0),(2375,610,0),(2375,611,0.002),(2375,612,0),(2375,613,0.056),(2375,614,0.013),(2375,615,0.004),(2375,617,0.029),(2375,618,0.051),(2375,619,0.119),(2375,620,0),(2375,621,0),(2375,624,0.005),(2375,625,0),(2375,626,0.009),(2375,627,0),(2375,628,0),(2375,629,0),(2375,630,0),(2375,631,0),(2375,645,0.04),(2375,646,0.17),(2375,652,0),(2375,653,0),(2375,806,108),(2375,810,0),(2375,811,0.01),(2375,812,0.25),(2375,813,0),(2375,814,77),(2375,815,108),(2375,823,0),(2375,826,0.002),(2375,827,0),(2375,831,0.119),(2375,832,0),(2375,833,0),(2375,834,0),(2375,835,0),(2375,836,0),(2375,837,1080),(2375,840,0),(2375,852,0),(2375,854,0),(2375,855,0),(2375,861,0),(2375,862,40.1),(2375,863,0.1),(2381,203,0.76),(2381,204,0.18),(2381,205,8.22),(2381,207,0.67),(2381,208,35),(2381,210,2.7),(2381,211,0.4),(2381,212,0.36),(2381,213,0),(2381,214,0),(2381,221,0),(2381,255,90.17),(2381,260,0.2),(2381,262,0),(2381,263,0),(2381,268,147),(2381,269,3.45),(2381,287,0),(2381,291,2.7),(2381,301,30),(2381,303,0.34),(2381,304,10),(2381,305,30),(2381,306,235),(2381,307,58),(2381,309,0.2),(2381,312,0.017),(2381,315,0.155),(2381,317,0.7),(2381,319,0),(2381,321,8332),(2381,323,1.03),(2381,324,0),(2381,339,0),(2381,401,3.6),(2381,404,0.066),(2381,405,0.044),(2381,406,0.645),(2381,409,0.812),(2381,410,0.232),(2381,415,0.153),(2381,417,14),(2381,418,0),(2381,430,13.7),(2381,431,0),(2381,501,0.01),(2381,502,0.157),(2381,503,0.063),(2381,504,0.084),(2381,505,0.083),(2381,506,0.017),(2381,507,0.068),(2381,508,0.05),(2381,509,0.035),(2381,510,0.056),(2381,511,0.075),(2381,512,0.033),(2381,513,0.093),(2381,514,0.156),(2381,515,0.301),(2381,516,0.038),(2381,517,0.044),(2381,518,0.044),(2381,601,0),(2381,606,0.03),(2381,607,0),(2381,608,0),(2381,609,0),(2381,610,0),(2381,611,0),(2381,612,0),(2381,613,0.029),(2381,614,0.001),(2381,615,0),(2381,617,0.005),(2381,618,0.087),(2381,619,0.001),(2381,620,0),(2381,621,0),(2381,624,0),(2381,625,0),(2381,626,0.001),(2381,627,0),(2381,628,0),(2381,629,0),(2381,630,0),(2381,631,0),(2381,645,0.006),(2381,646,0.089),(2381,652,0),(2381,653,0),(2381,654,0),(2381,806,14),(2381,810,0.17),(2381,811,0.02),(2381,812,0.01),(2381,813,0),(2381,814,852),(2381,815,14),(2381,823,0),(2381,826,0),(2381,827,0),(2381,831,0.002),(2381,832,0),(2381,833,0),(2381,834,3776),(2381,835,0),(2381,836,0),(2381,837,687),(2381,840,0),(2381,852,0),(2381,854,0),(2381,855,0),(2381,861,0),(2381,862,8.8),(2381,863,0.1),(2698,203,28.8),(2698,204,21.47),(2698,205,0),(2698,207,1.2),(2698,208,317),(2698,210,0),(2698,211,0),(2698,212,0),(2698,213,0),(2698,214,0),(2698,221,0),(2698,255,48.9),(2698,260,0),(2698,261,0),(2698,262,0),(2698,263,0),(2698,268,1326),(2698,269,0),(2698,287,0),(2698,291,0),(2698,301,12),(2698,303,2.99),(2698,304,19),(2698,305,170),(2698,306,274),(2698,307,75),(2698,309,6.07),(2698,312,0.079),(2698,315,0.021),(2698,317,19.4),(2698,319,0),(2698,321,0),(2698,323,0.12),(2698,324,5),(2698,339,0.1),(2698,401,0),(2698,404,0.04),(2698,405,0.171),(2698,406,5.89),(2698,409,7.973),(2698,410,0.541),(2698,415,0.29),(2698,417,7),(2698,418,2.49),(2698,431,0),(2698,501,0.125),(2698,502,0.95),(2698,503,1.085),(2698,504,1.914),(2698,505,2.033),(2698,506,0.631),(2698,507,0.253),(2698,508,0.957),(2698,509,0.755),(2698,510,1.206),(2698,511,1.598),(2698,512,0.797),(2698,513,1.537),(2698,514,2.21),(2698,515,3.68),(2698,516,1.666),(2698,517,1.251),(2698,518,0.983),(2698,601,88),(2698,605,0.973),(2698,606,6.356),(2698,607,0),(2698,608,0),(2698,609,0),(2698,610,0.02),(2698,611,0.008),(2698,612,0.407),(2698,613,3.682),(2698,614,2.031),(2698,615,0.011),(2698,617,0.973),(2698,618,0.408),(2698,619,0.008),(2698,620,0.04),(2698,621,0),(2698,625,0.13),(2698,626,0.558),(2698,627,0),(2698,628,0.063),(2698,629,0),(2698,630,0),(2698,631,0),(2698,636,0),(2698,638,0),(2698,645,7.562),(2698,646,0.456),(2698,652,0.065),(2698,653,0.153),(2698,802,0),(2698,803,0),(2698,806,7),(2698,810,0),(2698,814,0),(2698,815,11),(2698,816,0),(2698,818,0.973),(2698,825,0.495),(2698,826,0.144),(2698,827,0),(2698,829,0.973),(2698,831,0.09),(2698,832,0),(2698,840,0),(2698,852,0),(2698,854,0),(2698,855,0.04),(2698,861,0),(2698,862,76.2),(2698,868,0.09),(2698,869,0.585),(3085,203,24.4),(3085,204,0.49),(3085,205,0),(3085,207,1.64),(3085,208,109),(3085,210,0),(3085,211,0),(3085,212,0),(3085,213,0),(3085,214,0),(3085,221,0),(3085,255,74.03),(3085,260,0),(3085,261,0),(3085,262,0),(3085,263,0),(3085,268,454),(3085,269,0),(3085,287,0),(3085,291,0),(3085,301,4),(3085,303,0.77),(3085,304,35),(3085,305,278),(3085,306,441),(3085,307,45),(3085,309,0.37),(3085,312,0.036),(3085,315,0.011),(3085,317,90.6),(3085,319,18),(3085,321,0),(3085,323,0.24),(3085,324,110),(3085,339,2.8),(3085,401,0),(3085,404,0.118),(3085,405,0.115),(3085,406,18.475),(3085,409,22.842),(3085,410,0.28),(3085,415,0.933),(3085,417,2),(3085,418,2.08),(3085,430,0.1),(3085,431,0),(3085,501,0.262),(3085,502,1.025),(3085,503,1.077),(3085,504,1.9),(3085,505,2.147),(3085,506,0.692),(3085,507,0.251),(3085,508,0.913),(3085,509,0.789),(3085,510,1.204),(3085,511,1.399),(3085,512,0.688),(3085,513,1.414),(3085,514,2.394),(3085,515,3.489),(3085,516,1.122),(3085,517,0.827),(3085,518,0.954),(3085,601,39),(3085,605,0.016),(3085,606,0.172),(3085,607,0),(3085,608,0),(3085,609,0),(3085,610,0),(3085,611,0.001),(3085,612,0.009),(3085,613,0.106),(3085,614,0.045),(3085,615,0.002),(3085,617,0.083),(3085,618,0.019),(3085,619,0.002),(3085,620,0.015),(3085,621,0.088),(3085,624,0.001),(3085,625,0.001),(3085,626,0.011),(3085,627,0),(3085,628,0.008),(3085,629,0.012),(3085,630,0.001),(3085,631,0.004),(3085,645,0.116),(3085,646,0.147),(3085,652,0.003),(3085,653,0.004),(3085,654,0.001),(3085,802,0),(3085,803,0),(3085,806,2),(3085,810,0),(3085,811,0),(3085,812,0),(3085,813,0),(3085,814,18),(3085,815,2),(3085,817,0.001),(3085,818,0.003),(3085,819,0.013),(3085,820,0.008),(3085,821,0.011),(3085,823,0.001),(3085,824,0.08),(3085,825,0.006),(3085,826,0.002),(3085,827,0.003),(3085,829,0.003),(3085,831,0.002),(3085,832,0),(3085,833,0.001),(3085,834,0),(3085,835,0),(3085,836,0),(3085,837,0),(3085,838,0),(3085,840,0.001),(3085,845,0.002),(3085,852,0),(3085,854,0.001),(3085,855,0.02),(3085,859,0.013),(3085,861,0.001),(3085,862,65),(3085,868,0.23),(3085,869,0.028),(3908,203,8.8),(3908,204,2.1),(3908,205,40.4),(3908,207,2.8),(3908,208,203),(3908,221,0),(3908,255,45.7),(3908,262,0),(3908,263,0),(3908,268,849),(3908,269,8.09),(3908,291,6.7),(3908,301,265),(3908,303,2.45),(3908,304,71),(3908,305,282),(3908,306,210),(3908,307,364),(3908,309,1.6),(3908,312,0.212),(3908,315,1.79),(3908,317,40.3),(3908,319,0),(3908,321,3),(3908,323,0.41),(3908,324,0),(3908,339,0),(3908,401,0),(3908,404,0.3),(3908,405,0.14),(3908,406,3.41),(3908,409,5.56),(3908,410,0.695),(3908,415,0.163),(3908,417,49),(3908,418,0),(3908,430,1),(3908,431,0),(3908,501,0.129),(3908,502,0.283),(3908,503,0.351),(3908,504,0.61),(3908,505,0.309),(3908,506,0.141),(3908,507,0.19),(3908,508,0.417),(3908,509,0.272),(3908,510,0.414),(3908,511,0.417),(3908,512,0.205),(3908,513,0.35),(3908,514,0.51),(3908,515,2.56),(3908,516,0.362),(3908,517,0.841),(3908,518,0.415),(3908,601,0),(3908,606,0.334),(3908,607,0),(3908,608,0),(3908,609,0),(3908,610,0),(3908,611,0.001),(3908,612,0.003),(3908,613,0.276),(3908,614,0.049),(3908,617,0.479),(3908,618,0.787),(3908,619,0.046),(3908,620,0.002),(3908,621,0),(3908,626,0.034),(3908,627,0),(3908,628,0),(3908,629,0),(3908,630,0),(3908,631,0),(3908,645,0.513),(3908,646,0.835),(3908,806,49),(3908,814,0),(3908,815,49),(3908,827,0),(3908,831,0.04),(3908,832,0),(3908,834,1),(3908,835,0),(3908,836,0),(3908,837,91),(3908,854,0),(3908,861,0),(3908,862,13.7),(4296,203,0.15),(4296,204,0.02),(4296,205,69.95),(4296,207,0.12),(4296,208,267),(4296,221,0),(4296,255,29.77),(4296,262,0),(4296,263,0),(4296,268,1115),(4296,269,51.22),(4296,291,1),(4296,301,7),(4296,303,0.19),(4296,304,6),(4296,305,6),(4296,306,54),(4296,307,30),(4296,309,0.03),(4296,312,0.011),(4296,315,0.132),(4296,317,0.4),(4296,319,0),(4296,321,3),(4296,323,0),(4296,324,0),(4296,339,0),(4296,401,0.9),(4296,404,0.001),(4296,405,0.026),(4296,406,0.036),(4296,409,0.064),(4296,410,0.197),(4296,415,0.02),(4296,417,2),(4296,418,0),(4296,430,0.3),(4296,431,0),(4296,601,0),(4296,606,0.005),(4296,607,0),(4296,608,0),(4296,609,0),(4296,610,0),(4296,611,0),(4296,612,0),(4296,613,0.004),(4296,614,0.001),(4296,617,0.001),(4296,618,0.003),(4296,619,0.001),(4296,620,0),(4296,621,0),(4296,626,0),(4296,627,0),(4296,628,0),(4296,629,0),(4296,630,0),(4296,631,0),(4296,645,0.001),(4296,646,0.004),(4296,806,2),(4296,811,0),(4296,812,0),(4296,813,0),(4296,814,0),(4296,815,2),(4296,827,0),(4296,831,0.001),(4296,832,0),(4296,834,0),(4296,835,0),(4296,836,0),(4296,837,22),(4296,854,0),(4296,861,0),(4296,862,10.3),(4305,203,0),(4305,204,0.6),(4305,205,92.7),(4305,207,3.8),(4305,208,367),(4305,221,0),(4305,255,2.8),(4305,262,0),(4305,263,0),(4305,268,1536),(4305,269,76.57),(4305,291,0),(4305,301,6),(4305,303,0.12),(4305,304,2),(4305,305,804),(4305,306,15),(4305,307,1499),(4305,309,0.04),(4305,312,0.021),(4305,315,0.01),(4305,317,0.8),(4305,319,0),(4305,321,0),(4305,324,0),(4305,339,0),(4305,401,0),(4305,404,0.001),(4305,405,0.003),(4305,406,0.002),(4305,409,0.002),(4305,410,0.006),(4305,415,0.001),(4305,417,0),(4305,418,0.01),(4305,431,0),(4305,501,0),(4305,502,0),(4305,503,0),(4305,504,0),(4305,505,0),(4305,506,0),(4305,507,0),(4305,508,0),(4305,509,0),(4305,510,0),(4305,511,0),(4305,512,0),(4305,513,0),(4305,514,0),(4305,515,0),(4305,516,0),(4305,517,0),(4305,518,0),(4305,601,0),(4305,606,0.09),(4305,607,0),(4305,608,0),(4305,609,0),(4305,610,0),(4305,611,0),(4305,612,0),(4305,613,0.06),(4305,614,0.02),(4305,615,0),(4305,617,0.14),(4305,618,0.31),(4305,619,0.04),(4305,620,0),(4305,621,0),(4305,624,0),(4305,625,0),(4305,626,0),(4305,627,0),(4305,628,0),(4305,629,0),(4305,630,0),(4305,631,0),(4305,645,0.14),(4305,646,0.35),(4305,652,0),(4305,653,0),(4305,654,0),(4305,806,0),(4305,810,0),(4305,814,0),(4305,815,0),(4305,817,0),(4305,818,0),(4305,819,0),(4305,820,0),(4305,821,0),(4305,823,0),(4305,824,0),(4305,825,0),(4305,826,0),(4305,827,0),(4305,828,0),(4305,829,0),(4305,830,0),(4305,831,0.04),(4305,832,0),(4305,833,0),(4305,838,0),(4305,840,0),(4305,841,0),(4305,843,0),(4305,845,0),(4305,846,0),(4305,847,0),(4305,848,0),(4305,849,0),(4305,852,0),(4305,853,0),(4305,854,0),(4305,855,0),(4305,859,0),(4305,861,0),(4305,874,0),(4305,875,0),(4305,876,0),(4397,203,0.5),(4397,204,0.2),(4397,205,86.7),(4397,207,0.6),(4397,208,339),(4397,221,0),(4397,255,12),(4397,262,0),(4397,263,0),(4397,268,1418),(4397,291,0.9),(4397,301,22),(4397,303,0.4),(4397,305,19),(4397,306,191),(4397,307,2),(4397,312,1.28),(4397,319,0),(4397,321,66),(4397,324,0),(4397,339,0),(4397,401,10),(4397,404,0.05),(4397,405,0.06),(4397,406,0.4),(4397,409,0.492),(4397,418,0),(4397,431,0),(4397,601,0),(4397,606,0),(4397,617,0),(4397,618,0),(4397,621,0),(4397,631,0),(4397,645,0),(4397,646,0),(4397,814,6),(4397,827,0),(4397,832,0),(4397,854,0),(4397,861,0),(4469,203,5.8),(4469,204,0.93),(4469,205,30.86),(4469,207,0.27),(4469,208,158),(4469,210,0.09),(4469,211,0.04),(4469,212,0.03),(4469,213,0),(4469,214,0.4),(4469,221,0),(4469,255,62.13),(4469,262,0),(4469,263,0),(4469,268,660),(4469,269,0.56),(4469,287,0),(4469,291,1.8),(4469,301,7),(4469,303,1.28),(4469,304,18),(4469,305,58),(4469,306,44),(4469,307,1),(4469,309,0.51),(4469,312,0.1),(4469,315,0.322),(4469,317,26.4),(4469,319,0),(4469,321,0),(4469,323,0.06),(4469,324,0),(4469,339,0),(4469,401,0),(4469,404,0.02),(4469,405,0.02),(4469,406,0.4),(4469,409,1.783),(4469,410,0.112),(4469,415,0.049),(4469,417,7),(4469,418,0),(4469,431,0),(4469,501,0.083),(4469,502,0.206),(4469,503,0.228),(4469,504,0.44),(4469,505,0.133),(4469,506,0.065),(4469,507,0.113),(4469,508,0.297),(4469,509,0.108),(4469,510,0.262),(4469,511,0.211),(4469,512,0.132),(4469,513,0.195),(4469,514,0.278),(4469,515,2.046),(4469,516,0.196),(4469,517,0.698),(4469,518,0.275),(4469,601,0),(4469,605,0),(4469,606,0.176),(4469,607,0),(4469,608,0),(4469,609,0),(4469,610,0),(4469,611,0.006),(4469,612,0.006),(4469,613,0.149),(4469,614,0.014),(4469,617,0.131),(4469,618,0.295),(4469,619,0.024),(4469,620,0),(4469,621,0),(4469,626,0),(4469,627,0),(4469,628,0),(4469,629,0),(4469,630,0),(4469,631,0),(4469,645,0.131),(4469,646,0.319),(4469,806,7),(4469,814,0),(4469,815,7),(4469,827,0),(4469,831,0.02),(4469,832,0),(4469,854,0),(4469,861,0),(4882,203,1.1),(4882,204,0.17),(4882,205,2.23),(4882,207,0.17),(4882,208,12),(4882,221,0),(4882,255,96.33),(4882,262,0),(4882,263,0),(4882,268,50),(4882,301,29),(4882,303,0.74),(4882,304,8),(4882,305,19),(4882,306,87),(4882,307,11),(4882,309,0.14),(4882,312,0.096),(4882,315,0.203),(4882,317,0.4),(4882,319,0),(4882,321,133),(4882,324,0),(4882,339,0),(4882,401,3.2),(4882,404,0.005),(4882,405,0.025),(4882,406,0.466),(4882,409,0.668),(4882,410,0.035),(4882,415,0.037),(4882,417,43),(4882,418,0),(4882,431,0),(4882,601,0),(4882,621,0),(4882,631,0),(4882,806,43),(4882,814,13),(4882,815,43),(4882,832,0),(4882,834,49),(4882,835,0),(4882,836,0),(4882,854,0),(4882,861,0),(5528,203,12.26),(5528,204,43.27),(5528,205,38.55),(5528,207,2.69),(5528,208,593),(5528,221,0),(5528,255,3.23),(5528,262,9),(5528,263,150),(5528,268,2480),(5528,269,14.57),(5528,291,3.6),(5528,301,285),(5528,303,2.86),(5528,304,100),(5528,305,327),(5528,306,606),(5528,307,112),(5528,309,2.7),(5528,312,0.629),(5528,315,0.93),(5528,317,7.3),(5528,319,54),(5528,321,12),(5528,323,2.93),(5528,324,0),(5528,339,0),(5528,401,1.9),(5528,404,0.169),(5528,405,0.386),(5528,406,1.4),(5528,409,3.648),(5528,415,0.126),(5528,417,26),(5528,418,0.85),(5528,430,7.2),(5528,431,0),(5528,601,21),(5528,606,21.91),(5528,607,0.21),(5528,608,0.14),(5528,609,0.66),(5528,610,0.68),(5528,611,5.11),(5528,612,2.425),(5528,613,6.976),(5528,614,5.357),(5528,617,10.651),(5528,618,4.165),(5528,619,0.184),(5528,620,0),(5528,621,0),(5528,626,0.193),(5528,627,0),(5528,628,0.043),(5528,629,0),(5528,630,0),(5528,631,0),(5528,645,10.942),(5528,646,4.354),(5528,806,26),(5528,814,55),(5528,815,26),(5528,827,0),(5528,831,0.184),(5528,832,0),(5528,834,0),(5528,835,0),(5528,836,0),(5528,837,6),(5528,854,0),(5528,861,0),(5528,862,50.9),(5685,203,15.05),(5685,204,8.75),(5685,205,4.65),(5685,207,3.05),(5685,208,158),(5685,221,0),(5685,255,68.5),(5685,262,0),(5685,263,0),(5685,268,659),(5685,269,3.2),(5685,291,0.9),(5685,301,21),(5685,303,9.6),(5685,304,25),(5685,305,185),(5685,306,197),(5685,307,928),(5685,309,2.13),(5685,312,0.111),(5685,315,0.066),(5685,317,22.2),(5685,319,43),(5685,321,0),(5685,323,0.15),(5685,401,30.4),(5685,404,0.071),(5685,405,0.173),(5685,406,3.675),(5685,409,7.158),(5685,410,0.797),(5685,415,0.381),(5685,417,8),(5685,418,0.43),(5685,431,0),(5685,501,0.209),(5685,502,0.817),(5685,503,0.945),(5685,504,1.467),(5685,505,1.692),(5685,506,0.523),(5685,507,0.204),(5685,508,0.738),(5685,509,0.717),(5685,510,0.984),(5685,511,1.293),(5685,512,0.56),(5685,513,1.171),(5685,514,1.788),(5685,515,3.018),(5685,516,1.095),(5685,517,0.906),(5685,518,0.832),(5685,601,53),(5685,606,3.401),(5685,607,0.001),(5685,608,0),(5685,609,0),(5685,610,0.001),(5685,611,0.017),(5685,612,0.102),(5685,613,2.418),(5685,614,0.861),(5685,617,1.985),(5685,618,1.371),(5685,619,0.085),(5685,620,0.085),(5685,621,0.015),(5685,626,0.379),(5685,627,0),(5685,628,0.008),(5685,629,0),(5685,630,0.008),(5685,631,0.015),(5685,636,0),(5685,638,0),(5685,645,2.38),(5685,646,1.572),(5685,806,8),(5685,814,43),(5685,815,8),(5685,816,0),(5685,831,0.085),(5685,832,0),(5685,834,0),(5685,835,0),(5685,836,0),(5685,837,0),(5685,854,0),(5685,861,0),(501987,203,2.59),(501987,204,13.75),(501987,205,9.28),(501987,207,1.02),(501987,208,167),(501987,221,0),(501987,255,73.45),(501987,262,0),(501987,263,0),(501987,268,698),(501987,269,2.06),(501987,291,1.2),(501987,301,57),(501987,303,0.55),(501987,304,16),(501987,305,97),(501987,306,212),(501987,307,130),(501987,309,0.37),(501987,312,0.047),(501987,315,0.15),(501987,317,3),(501987,319,17),(501987,321,67),(501987,323,2.4),(501987,324,8),(501987,339,0.2),(501987,401,8.3),(501987,404,0.076),(501987,405,0.161),(501987,406,0.608),(501987,409,1.108),(501987,410,0.286),(501987,415,0.156),(501987,417,24),(501987,418,0.113),(501987,430,18.5),(501987,431,8),(501987,501,0.03),(501987,502,0.081),(501987,503,0.112),(501987,504,0.202),(501987,505,0.133),(501987,506,0.055),(501987,507,0.053),(501987,508,0.121),(501987,509,0.088),(501987,510,0.137),(501987,511,0.115),(501987,512,0.059),(501987,513,0.119),(501987,514,0.231),(501987,515,0.525),(501987,516,0.087),(501987,517,0.186),(501987,518,0.111),(501987,601,16),(501987,605,0.351),(501987,606,1.257),(501987,609,0),(501987,610,0.003),(501987,611,0.009),(501987,612,0.035),(501987,613,0.734),(501987,614,0.298),(501987,619,1.227),(501987,621,0.003),(501987,627,0),(501987,628,0.22),(501987,629,0),(501987,631,0.001),(501987,645,7.835),(501987,646,3.97),(501987,806,17),(501987,814,81),(501987,815,29),(501987,837,1400),(502165,203,3.77),(502165,204,1.07),(502165,205,12.93),(502165,207,0.75),(502165,208,76),(502165,210,7.09),(502165,211,0.18),(502165,212,0.14),(502165,213,3.28),(502165,221,0),(502165,255,81.49),(502165,262,0),(502165,263,0),(502165,268,318),(502165,269,11.24),(502165,287,0.54),(502165,291,0),(502165,301,110),(502165,303,0.16),(502165,304,10),(502165,305,94),(502165,306,176),(502165,307,52),(502165,309,0.4),(502165,312,0.009),(502165,315,0.011),(502165,317,3.3),(502165,323,0.02),(502165,324,0),(502165,339,0),(502165,401,0.8),(502165,404,0.042),(502165,405,0.172),(502165,406,0.107),(502165,409,0.857),(502165,410,0.552),(502165,415,0.045),(502165,417,4),(502165,418,0.29),(502165,430,0.1),(502165,431,0),(502165,501,0.045),(502165,502,0.284),(502165,503,0.219),(502165,504,0.337),(502165,505,0.322),(502165,506,0.085),(502165,507,0.027),(502165,508,0.185),(502165,509,0.157),(502165,510,0.192),(502165,511,0.13),(502165,512,0.09),(502165,513,0.138),(502165,514,0.289),(502165,515,0.693),(502165,516,0.134),(502165,517,0.313),(502165,518,0.207),(502165,601,7),(502165,605,0.012),(502165,606,0.701),(502165,607,0),(502165,608,0),(502165,609,0),(502165,610,0.019),(502165,611,0.037),(502165,612,0.132),(502165,613,0.382),(502165,614,0.13),(502165,615,0),(502165,617,0.267),(502165,618,0.034),(502165,619,0),(502165,620,0),(502165,621,0),(502165,624,0),(502165,625,0),(502165,626,0),(502165,627,0),(502165,629,0),(502165,630,0),(502165,631,0),(502165,645,0.282),(502165,646,0.034),(502165,652,0),(502165,653,0),(502165,654,0),(502165,802,0.86),(502165,803,10.38),(502165,806,4),(502165,814,23),(502165,815,4),(502165,817,0),(502165,818,0.012),(502165,819,0),(502165,820,0),(502165,821,0),(502165,823,0),(502165,824,0.245),(502165,825,0.024),(502165,826,0),(502165,827,0),(502165,829,0.012),(502165,831,0),(502165,832,0),(502165,833,0),(502165,837,0),(502165,838,0),(502165,840,0),(502165,841,0),(502165,843,0),(502165,845,0),(502165,846,0),(502165,848,0),(502165,849,0),(502165,852,0),(502165,853,0),(502165,854,0),(502165,855,0),(502165,859,0),(502165,861,0),(502165,862,15.2),(502165,868,0),(502165,869,0.024),(502415,203,10.96),(502415,204,3.29),(502415,205,46.41),(502415,207,1.95),(502415,208,262),(502415,210,0),(502415,211,0.5),(502415,212,1.32),(502415,213,0.01),(502415,214,2.15),(502415,221,0),(502415,255,37.74),(502415,262,0),(502415,263,0),(502415,268,1096),(502415,269,3.98),(502415,287,0),(502415,291,6.3),(502415,301,100),(502415,303,2.31),(502415,304,77),(502415,305,224),(502415,306,215),(502415,307,540),(502415,309,1.78),(502415,312,0.248),(502415,315,1.987),(502415,317,47.5),(502415,319,0),(502415,321,0),(502415,323,0.37),(502415,324,13),(502415,339,0.3),(502415,401,0.1),(502415,404,0.266),(502415,405,0.125),(502415,406,3.38),(502415,409,5.389),(502415,410,0.34),(502415,415,0.138),(502415,417,25),(502415,418,0.166),(502415,430,1.4),(502415,431,10),(502415,601,0),(502415,605,0.003),(502415,606,0.771),(502415,607,0),(502415,608,0),(502415,609,0),(502415,610,0),(502415,611,0),(502415,612,0),(502415,613,0.462),(502415,614,0.308),(502415,615,0),(502415,617,0.934),(502415,618,1.261),(502415,619,0.157),(502415,620,0),(502415,621,0),(502415,624,0),(502415,625,0),(502415,626,0),(502415,627,0),(502415,629,0),(502415,630,0),(502415,631,0),(502415,645,0.939),(502415,646,1.436),(502415,652,0),(502415,653,0),(502415,654,0),(502415,802,1.82),(502415,803,2.16),(502415,806,15),(502415,814,0),(502415,815,32),(502415,817,0),(502415,818,0),(502415,819,0),(502415,820,0),(502415,821,0),(502415,823,0),(502415,824,0.934),(502415,825,1.258),(502415,826,0),(502415,827,0),(502415,829,0),(502415,831,0.168),(502415,832,0.004),(502415,833,0),(502415,834,0),(502415,835,0),(502415,836,0),(502415,837,94),(502415,838,0),(502415,840,0),(502415,841,0),(502415,843,0),(502415,845,0),(502415,846,0),(502415,848,0),(502415,849,0),(502415,852,0),(502415,853,0.003),(502415,854,0),(502415,855,0),(502415,859,0.003),(502415,861,0),(502415,862,22),(502415,868,0.171),(502415,869,1.262),(502415,876,0.3),(502436,203,0.2),(502436,204,0.18),(502436,205,15.22),(502436,207,0.24),(502436,208,63),(502436,210,2.21),(502436,211,3),(502436,212,6.47),(502436,213,0),(502436,214,0),(502436,255,84.16),(502436,268,265),(502436,269,11.68),(502436,287,0),(502436,291,2.1),(502436,301,7),(502436,303,0.1),(502436,304,5),(502436,305,13),(502436,306,109),(502436,307,1),(502436,309,0.04),(502436,312,0.025),(502436,315,0.031),(502436,317,0),(502436,321,17),(502436,323,0.18),(502436,404,0.013),(502436,405,0.026),(502436,406,0.07),(502436,409,0.107),(502436,410,0.051),(502436,415,0.045),(502436,417,3),(502436,430,1),(502436,431,0),(502436,806,3),(502436,810,0.05),(502436,814,2),(502436,815,3),(502436,834,0),(502436,835,11),(502436,836,0),(502436,837,11),(502436,862,3.4);
/*!40000 ALTER TABLE `nutrient_amount` ENABLE KEYS */;
UNLOCK TABLES;

--
-- Table structure for table `nutrient_in_diet`
--

DROP TABLE IF EXISTS `nutrient_in_diet`;
/*!40101 SET @saved_cs_client     = @@character_set_client */;
/*!50503 SET character_set_client = utf8mb4 */;
CREATE TABLE `nutrient_in_diet` (
  `Diet_ID` int NOT NULL,
  `Nutrient_ID` int NOT NULL,
  `Value` double DEFAULT NULL,
  PRIMARY KEY (`Diet_ID`,`Nutrient_ID`),
  KEY `nutrientID_idx` (`Nutrient_ID`),
  CONSTRAINT `diet id in nutrient` FOREIGN KEY (`Diet_ID`) REFERENCES `diet` (`id`),
  CONSTRAINT `nutrient_id_in diet` FOREIGN KEY (`Nutrient_ID`) REFERENCES `nutrient_name` (`Nutrient_ID`)
) ENGINE=InnoDB DEFAULT CHARSET=utf8mb4 COLLATE=utf8mb4_0900_ai_ci;
/*!40101 SET character_set_client = @saved_cs_client */;

--
-- Dumping data for table `nutrient_in_diet`
--

LOCK TABLES `nutrient_in_diet` WRITE;
/*!40000 ALTER TABLE `nutrient_in_diet` DISABLE KEYS */;
INSERT INTO `nutrient_in_diet` VALUES (3,203,10.425),(3,204,21.816),(3,205,124.08),(3,207,6.755999999999999),(3,208,705),(3,210,0.066),(3,211,3.381),(3,212,0.441),(3,213,0.066),(3,214,0.066),(3,221,0),(3,255,167.325),(3,262,0),(3,263,0),(3,268,2948.7),(3,269,95.976),(3,287,0.066),(3,291,8.4),(3,301,49.2),(3,303,1.233),(3,304,43.8),(3,305,1100.3999999999999),(3,306,612.9),(3,307,1876.8),(3,309,1.3439999999999999),(3,312,0.5246999999999999),(3,315,0.18389999999999998),(3,317,21.54),(3,319,114.6),(3,321,79.5),(3,323,5.46),(3,324,34.8),(3,339,0.78),(3,401,26.1),(3,404,0.0687),(3,405,0.3651),(3,406,1.077),(3,409,3.7377000000000002),(3,410,2.8677),(3,415,0.159),(3,417,84.9),(3,418,0.9816000000000001),(3,430,0.18),(3,431,0),(3,501,0.1596),(3,502,0.46020000000000005),(3,503,0.5292),(3,504,0.8808),(3,505,0.7628999999999999),(3,506,0.2976),(3,507,0.21450000000000002),(3,508,0.5730000000000001),(3,509,0.38220000000000004),(3,510,0.6654),(3,511,0.6153),(3,512,0.2643),(3,513,0.6069),(3,514,1.1514),(3,515,1.4595),(3,516,0.4212),(3,517,0.45299999999999996),(3,518,0.7494000000000001),(3,550,0),(3,601,219.6),(3,605,0.041400000000000006),(3,606,4.8738),(3,607,0),(3,608,0),(3,609,0),(3,610,0),(3,611,0.0006),(3,612,0.0186),(3,613,4.2603),(3,614,0.5631),(3,615,0.0012),(3,617,9.4875),(3,618,3.4074),(3,619,0.2358),(3,620,0),(3,621,0.043199999999999995),(3,624,0),(3,625,0.0042),(3,626,1.4307),(3,627,0.0012),(3,628,0.0126),(3,629,0.0012),(3,630,0),(3,631,0.0048),(3,636,0),(3,638,0),(3,645,10.9467),(3,646,3.8015999999999996),(3,652,0.0036),(3,653,0.012),(3,654,0.0024),(3,806,84.9),(3,810,0),(3,811,0.12),(3,812,0.585),(3,813,0),(3,814,125.1),(3,815,84.9),(3,816,0),(3,817,0.0042),(3,818,0.0252),(3,819,0),(3,820,0.0042),(3,821,0.18899999999999997),(3,823,0.006599999999999999),(3,824,2.2614),(3,825,0.6468),(3,826,0.0084),(3,827,0.0096),(3,828,0),(3,829,0.0288),(3,830,0),(3,831,0.22920000000000001),(3,832,0.0048),(3,833,0),(3,834,40.5),(3,835,54),(3,836,0),(3,837,199.2),(3,838,0.0084),(3,840,0),(3,841,0.0018),(3,843,0),(3,845,0.0072),(3,846,0.0042),(3,847,0),(3,848,0),(3,849,0),(3,852,0),(3,853,0.0102),(3,854,0.0096),(3,855,0.09359999999999999),(3,859,0.012),(3,861,0),(3,862,176.28),(3,868,0.08639999999999999),(3,869,0.762),(3,874,0),(3,875,0),(3,876,0),(5,203,43.4125),(5,204,52.4825),(5,205,0.015),(5,207,1.81),(5,208,654.75),(5,210,0),(5,211,0),(5,212,0),(5,213,0),(5,214,0),(5,221,0),(5,255,77.835),(5,260,0),(5,261,0),(5,262,0),(5,263,0),(5,268,2738.75),(5,269,0.015),(5,287,0),(5,291,0),(5,301,24),(5,303,4.49),(5,304,29),(5,305,261),(5,306,417),(5,307,115.25),(5,309,9.127500000000001),(5,312,0.1225),(5,315,0.0325),(5,317,29.35),(5,319,167.75),(5,321,39.5),(5,323,0.76),(5,324,22.5),(5,339,0.525),(5,401,0),(5,404,0.06125),(5,405,0.265),(5,406,8.845500000000001),(5,409,12.02),(5,410,0.8390000000000001),(5,415,0.43574999999999997),(5,417,11.25),(5,418,3.7775000000000007),(5,430,1.75),(5,431,0),(5,501,0.1905),(5,502,1.4345),(5,503,1.64025),(5,504,2.8917499999999996),(5,505,3.06625),(5,506,0.95175),(5,507,0.3815),(5,508,1.4457499999999999),(5,509,1.1427500000000002),(5,510,1.8232500000000003),(5,511,2.4047500000000004),(5,512,1.20125),(5,513,2.31275),(5,514,3.331),(5,515,5.5645),(5,516,2.5035),(5,517,1.8969999999999998),(5,518,1.486),(5,601,185.75),(5,605,2.56825),(5,606,22.375999999999998),(5,607,0.8065000000000001),(5,608,0.50175),(5,609,0.2975),(5,610,0.66225),(5,611,0.6587500000000002),(5,612,2.4695),(5,613,10.94725),(5,614,5.546250000000001),(5,615,0.051000000000000004),(5,617,6.44975),(5,618,1.294),(5,619,0.09075),(5,620,0.06),(5,621,0),(5,625,0.195),(5,626,1.07725),(5,627,0),(5,628,0.1195),(5,629,0),(5,630,0),(5,631,0),(5,636,1),(5,638,0),(5,645,16.59825),(5,646,1.44475),(5,652,0.0975),(5,653,0.3695),(5,802,0),(5,803,0),(5,806,11.25),(5,810,0),(5,811,0),(5,812,0),(5,813,0),(5,814,171),(5,815,17.25),(5,816,1),(5,818,2.205),(5,819,0.074),(5,821,0.24025),(5,824,4.2445),(5,825,1.284),(5,826,0.21599999999999997),(5,827,0),(5,829,2.205),(5,831,0.21375),(5,832,0),(5,834,0),(5,835,0),(5,836,0),(5,837,0),(5,838,0.06675),(5,840,0),(5,852,0),(5,854,0),(5,855,0.06),(5,859,0.074),(5,861,0),(5,862,119),(5,868,0.21250000000000002),(5,869,1.4175),(6,203,46.02),(6,204,21.177),(6,205,7.191999999999999),(6,207,2.143),(6,208,404.9),(6,210,0.08),(6,211,0.49),(6,212,0.74),(6,213,0),(6,214,0),(6,221,0),(6,255,195.243),(6,260,0),(6,261,0),(6,262,0),(6,263,0),(6,268,1692.3),(6,269,1.402),(6,287,0),(6,291,2.4),(6,301,64.3),(6,303,1.9940000000000002),(6,304,57.4),(6,305,319.3),(6,306,578.3),(6,307,137.7),(6,309,1.923),(6,312,0.12869999999999998),(6,315,0.22180000000000002),(6,317,35.25000000000001),(6,319,143.2),(6,321,960.6),(6,323,2.319),(6,324,19.5),(6,339,0.44999999999999996),(6,401,64.9),(6,404,0.127),(6,405,0.3083),(6,406,13.264899999999999),(6,409,22.3469),(6,410,1.4975),(6,415,0.6956),(6,417,113.1),(6,418,0.379),(6,430,142.79999999999998),(6,431,0),(6,501,0.5449),(6,502,1.9396),(6,503,2.3972),(6,504,3.4261),(6,505,3.8564),(6,506,1.2502),(6,507,0.5891000000000001),(6,508,1.8492000000000002),(6,509,1.5352),(6,510,2.3049),(6,511,2.8282000000000003),(6,512,1.4176),(6,513,2.4913),(6,514,4.2163),(6,515,7.0946),(6,516,2.2406),(6,517,1.9153999999999998),(6,518,1.6337000000000002),(6,601,158.5),(6,605,0.8869999999999999),(6,606,11.627600000000003),(6,607,0.6452),(6,608,0.4014),(6,609,0.23799999999999996),(6,610,0.5058),(6,611,0.5344),(6,612,1.5322),(6,613,5.2654000000000005),(6,614,2.3278000000000003),(6,615,0.0316),(6,617,5.326199999999999),(6,618,1.3465999999999998),(6,619,0.21199999999999997),(6,620,0.075),(6,621,0.03),(6,624,0.005),(6,625,0),(6,626,0.3812),(6,627,0),(6,628,0.038000000000000006),(6,629,0.015),(6,630,0),(6,631,0.015),(6,636,0.8),(6,638,0),(6,645,5.7892),(6,646,1.7686),(6,652,0),(6,653,0.11200000000000002),(6,802,0),(6,803,0),(6,806,113.1),(6,810,0),(6,811,0.01),(6,812,0.25),(6,813,0),(6,814,222.8),(6,815,113.1),(6,816,0.8),(6,818,0.5964),(6,819,0.0592),(6,821,0.19219999999999998),(6,823,0),(6,824,3.3956000000000004),(6,825,1.1832),(6,826,0.002),(6,827,0),(6,829,0.5964),(6,831,0.21199999999999997),(6,832,0),(6,833,0),(6,834,0),(6,835,0),(6,836,0),(6,837,1080),(6,838,0.053399999999999996),(6,840,0),(6,852,0),(6,854,0),(6,855,0.075),(6,859,0.0592),(6,861,0),(6,862,161.61),(6,863,8.65),(6,868,0.194),(6,869,0.912),(7,203,10.267),(7,204,16.061),(7,205,8.333),(7,207,1.6440000000000001),(7,208,206.7),(7,210,0.077),(7,211,2.0999999999999996),(7,212,0.302),(7,213,0.077),(7,214,0.077),(7,221,0),(7,255,124.304),(7,262,0),(7,263,0),(7,268,863.9),(7,269,2.717),(7,287,0.077),(7,291,5.039999999999999),(7,301,40.5),(7,303,1.126),(7,304,27.900000000000002),(7,305,124.2),(7,306,395.7),(7,307,89.3),(7,309,1.1719999999999997),(7,312,0.31839999999999996),(7,315,0.11980000000000002),(7,317,24.01),(7,319,133.7),(7,321,47.7),(7,323,4.109),(7,324,40.6),(7,339,0.91),(7,401,15.659999999999998),(7,404,0.0609),(7,405,0.3766999999999999),(7,406,0.6825),(7,409,3.3897000000000004),(7,410,2.5458999999999996),(7,415,0.1178),(7,417,69.3),(7,418,1.1312),(7,430,0.21),(7,431,0),(7,501,0.16240000000000002),(7,502,0.46720000000000006),(7,503,0.5375),(7,504,0.8916000000000001),(7,505,0.7651),(7,506,0.3115),(7,507,0.22390000000000002),(7,508,0.5767),(7,509,0.4),(7,510,0.6743),(7,511,0.6336999999999999),(7,512,0.2616),(7,513,0.6052),(7,514,1.1189),(7,515,1.4299),(7,516,0.3928),(7,517,0.43500000000000005),(7,518,0.7655),(7,550,0),(7,601,256.2),(7,605,0.0483),(7,606,3.8941),(7,607,0),(7,608,0),(7,609,0),(7,610,0),(7,611,0.0007000000000000001),(7,612,0.0217),(7,613,3.2671),(7,614,0.5822),(7,615,0.0014000000000000002),(7,617,6.887099999999999),(7,618,2.1983),(7,619,0.1375),(7,621,0.0504),(7,624,0),(7,625,0.0049),(7,626,0.9679),(7,627,0.0014000000000000002),(7,628,0.014700000000000001),(7,629,0.0014000000000000002),(7,630,0),(7,631,0.005600000000000001),(7,636,0),(7,638,0),(7,645,7.889100000000001),(7,646,2.5206),(7,652,0.0042),(7,653,0.014000000000000002),(7,654,0.0028000000000000004),(7,806,69.3),(7,811,0.07200000000000001),(7,812,0.35100000000000003),(7,813,0),(7,814,140),(7,815,69.3),(7,816,0),(7,817,0.0049),(7,818,0.029400000000000003),(7,820,0.0049),(7,821,0.2205),(7,823,0.007699999999999999),(7,824,2.6382999999999996),(7,825,0.7546),(7,826,0.0098),(7,827,0.011200000000000002),(7,829,0.0336),(7,831,0.1298),(7,832,0.005600000000000001),(7,833,0),(7,834,24.3),(7,835,32.4),(7,836,0),(7,837,232.4),(7,838,0.0098),(7,840,0),(7,841,0.0021),(7,845,0.0084),(7,846,0.0049),(7,847,0),(7,849,0),(7,852,0),(7,853,0.0119),(7,854,0.011200000000000002),(7,855,0.1092),(7,859,0.014000000000000002),(7,861,0),(7,862,205.66),(7,868,0.1008),(7,869,0.889),(7,874,0),(7,875,0),(7,876,0),(8,203,23.204500000000003),(8,204,17.2425),(8,205,5.763000000000002),(8,207,3.8409999999999997),(8,208,273.35),(8,210,1.89),(8,211,0.28),(8,212,0.252),(8,213,0),(8,214,0),(8,221,0),(8,255,125.012),(8,260,0.14),(8,261,0),(8,262,0),(8,263,0),(8,268,1144.05),(8,269,2.424),(8,287,0),(8,291,1.89),(8,301,30.900000000000002),(8,303,1.087),(8,304,27.1),(8,305,228.9),(8,306,452.5),(8,307,1236.55),(8,309,2.4665),(8,312,0.0926),(8,315,0.1235),(8,317,23.499999999999996),(8,319,100.65),(8,321,5856.099999999999),(8,323,1.303),(8,324,39.6),(8,339,1.0350000000000001),(8,401,2.52),(8,404,0.65895),(8,405,0.2645),(8,406,4.9758000000000004),(8,409,9.6227),(8,410,0.6271),(8,415,0.53055),(8,417,13.85),(8,418,0.6554999999999999),(8,430,10.64),(8,431,0),(8,501,0.27880000000000005),(8,502,1.1182000000000003),(8,503,1.03995),(8,504,1.86045),(8,505,1.97975),(8,506,0.60995),(8,507,0.3881),(8,508,1.0149500000000002),(8,509,0.7704499999999999),(8,510,1.02515),(8,511,1.5214500000000002),(8,512,0.83475),(8,513,1.4005500000000002),(8,514,2.2535999999999996),(8,515,3.9129999999999994),(8,516,1.2011),(8,517,1.0061000000000002),(8,518,0.9611000000000001),(8,601,81.75),(8,605,0.6652499999999999),(8,606,9.3822),(8,607,0.4839),(8,608,0.30105),(8,609,0.1785),(8,610,0.39735000000000004),(8,611,0.40605),(8,612,1.1784),(8,613,4.32785),(8,614,2.00455),(8,615,0.020700000000000003),(8,617,5.085649999999999),(8,618,0.9201),(8,619,0.10194999999999999),(8,620,0.063),(8,621,0),(8,624,0),(8,625,0),(8,626,0.33385),(8,627,0),(8,628,0.015),(8,629,0),(8,630,0),(8,631,0),(8,636,0.6),(8,638,0),(8,645,5.43435),(8,646,1.08575),(8,652,0),(8,653,0.084),(8,654,0),(8,802,0),(8,803,0),(8,806,13.85),(8,810,0.11900000000000001),(8,811,0.014000000000000002),(8,812,0.007000000000000001),(8,813,0),(8,814,699),(8,815,13.85),(8,816,0.6),(8,818,0.44730000000000003),(8,819,0.044399999999999995),(8,821,0.14415),(8,823,0),(8,824,2.5467),(8,825,0.3249),(8,826,0),(8,827,0),(8,829,0.44730000000000003),(8,831,0.10264999999999999),(8,832,0),(8,833,0),(8,834,2643.2),(8,835,0),(8,836,0),(8,837,480.9),(8,838,0.04005),(8,840,0),(8,852,0),(8,854,0),(8,855,0),(8,859,0.044399999999999995),(8,861,0),(8,862,100.68999999999998),(8,863,6.19),(8,868,0.04650000000000001),(8,869,0.32400000000000007),(9,203,4.164),(9,204,8.458),(9,205,13.436),(9,207,1.6340000000000001),(9,208,131),(9,210,0.08),(9,211,2.226),(9,212,0.94),(9,213,0),(9,214,0),(9,221,0),(9,255,152.298),(9,262,0),(9,263,0),(9,268,546.8),(9,269,3.3259999999999996),(9,287,0),(9,291,6.880000000000001),(9,301,48),(9,303,0.806),(9,304,40.2),(9,305,99),(9,306,573.8),(9,307,42.6),(9,309,0.77),(9,312,0.30979999999999996),(9,315,0.27),(9,317,1.6),(9,319,0),(9,321,971.4),(9,323,3.5780000000000003),(9,324,0),(9,339,0),(9,401,78.82000000000001),(9,404,0.07980000000000001),(9,405,0.16540000000000002),(9,406,1.0906000000000002),(9,409,2.0312),(9,410,1.3608),(9,415,0.2624),(9,417,136),(9,418,0),(9,430,141.1),(9,431,0),(9,501,0.056400000000000006),(9,502,0.16160000000000002),(9,503,0.1672),(9,504,0.275),(9,505,0.2676),(9,506,0.0766),(9,507,0.0558),(9,508,0.20240000000000002),(9,509,0.1032),(9,510,0.234),(9,511,0.2792),(9,512,0.10700000000000001),(9,513,0.2108),(9,514,0.5402),(9,515,0.8058000000000001),(9,516,0.19380000000000003),(9,517,0.199),(9,518,0.2314),(9,601,0),(9,606,1.647),(9,607,0),(9,608,0),(9,609,0),(9,610,0),(9,611,0.002),(9,612,0),(9,613,1.58),(9,614,0.05700000000000001),(9,615,0.004),(9,617,3.7802),(9,618,1.315),(9,619,0.19579999999999997),(9,620,0),(9,621,0),(9,624,0.005),(9,625,0),(9,626,0.669),(9,627,0),(9,628,0),(9,629,0),(9,630,0),(9,631,0),(9,645,4.450399999999999),(9,646,1.5107999999999997),(9,652,0),(9,653,0),(9,806,136),(9,810,0),(9,811,0.074),(9,812,0.562),(9,813,0),(9,814,82.6),(9,815,136),(9,823,0),(9,826,0.002),(9,827,0),(9,831,0.19579999999999997),(9,832,0),(9,833,0),(9,834,21.6),(9,835,28.8),(9,836,0),(9,837,1080),(9,840,0),(9,852,0),(9,854,0),(9,855,0),(9,861,0),(9,862,40.1),(9,863,0.1),(10,203,52.114999999999995),(10,204,26.974999999999998),(10,205,18.03),(10,207,4.58),(10,208,530.6),(10,210,4.05),(10,211,0.6),(10,212,0.54),(10,213,0),(10,214,0),(10,221,0),(10,255,268.29999999999995),(10,260,0.3),(10,262,0),(10,263,0),(10,268,2219.3),(10,269,7.415),(10,287,0),(10,291,4.83),(10,301,77.7),(10,303,9.239999999999998),(10,304,67),(10,305,438.5),(10,306,833.9),(10,307,870.1),(10,309,6.1259999999999994),(10,312,0.2232),(10,315,0.3207),(10,317,44.19),(10,319,67.6),(10,321,12499.5),(10,323,2.8049999999999997),(10,324,16.5),(10,339,0.45),(10,401,26.68),(10,404,0.2702),(10,405,0.5246),(10,406,12.595500000000001),(10,409,22.9596),(10,410,2.7284),(10,415,1.0211999999999999),(10,417,41.6),(10,418,0.7809999999999999),(10,430,20.55),(10,431,3),(10,501,0.6217999999999999),(10,502,2.4874000000000005),(10,503,2.8125),(10,504,4.1274),(10,505,4.6299),(10,506,1.4790999999999999),(10,507,0.7788),(10,508,2.1786000000000003),(10,509,1.8774000000000002),(10,510,2.7498),(10,511,3.5121),(10,512,1.6505),(10,513,3.2557),(10,514,5.0751),(10,515,8.604600000000001),(10,516,3.2115),(10,517,2.5826999999999996),(10,518,2.0704),(10,601,172.1),(10,606,7.9157),(10,607,0.0007000000000000001),(10,608,0),(10,609,0),(10,610,0.0007000000000000001),(10,611,0.0419),(10,612,0.2064),(10,613,5.4861),(10,614,2.0592),(10,615,0),(10,617,8.522),(10,618,5.3352),(10,619,0.2710000000000001),(10,620,0.2245),(10,621,0.0705),(10,624,0),(10,625,0),(10,626,1.0768),(10,627,0),(10,628,0.1256),(10,629,0.015),(10,630,0.005600000000000001),(10,631,0.0405),(10,636,0),(10,638,0),(10,645,9.805),(10,646,6.0789),(10,652,0),(10,653,0),(10,654,0),(10,806,38.6),(10,810,0.25500000000000006),(10,811,0.03),(10,812,0.015),(10,813,0),(10,814,1345.6),(10,815,43.1),(10,816,0),(10,823,0),(10,826,0),(10,827,0),(10,831,0.2725000000000001),(10,832,0),(10,833,0),(10,834,5664),(10,835,0),(10,836,0),(10,837,1030.5),(10,840,0),(10,852,0),(10,854,0),(10,855,0.165),(10,861,0),(10,862,13.2),(10,863,0.15),(11,203,44.36),(11,204,2.6510000000000002),(11,205,60.008),(11,207,2.9579999999999997),(11,208,450.09999999999997),(11,210,0.162),(11,211,0.07200000000000001),(11,212,0.05399999999999999),(11,213,0),(11,214,0.72),(11,221,0),(11,255,400.733),(11,260,0),(11,261,0),(11,262,0),(11,263,0),(11,268,1878.2),(11,269,1.008),(11,287,0),(11,291,3.24),(11,301,75.8),(11,303,4.785),(11,304,93.9),(11,305,503.79999999999995),(11,306,826.5),(11,307,82.3),(11,309,1.679),(11,312,0.4188),(11,315,0.9999),(11,317,166.1),(11,319,23.4),(11,321,266),(11,323,0.42),(11,324,143),(11,339,3.64),(11,401,6.4),(11,404,0.19940000000000002),(11,405,0.23550000000000004),(11,406,25.6695),(11,409,34.24),(11,410,0.6356),(11,415,1.3751000000000002),(11,417,101.19999999999999),(11,418,2.704),(11,430,0.13),(11,431,0),(11,501,0.49),(11,502,1.7033),(11,503,1.8104999999999998),(11,504,3.2620000000000005),(11,505,3.0304999999999995),(11,506,1.0166),(11,507,0.5297000000000001),(11,508,1.7215),(11,509,1.2201),(11,510,2.0368),(11,511,2.1985),(11,512,1.132),(11,513,2.1892),(11,514,3.6126),(11,515,8.2185),(11,516,1.8114000000000001),(11,517,2.3315),(11,518,1.7352),(11,601,50.7),(11,605,0.0208),(11,606,0.5404),(11,607,0),(11,608,0),(11,609,0),(11,610,0),(11,611,0.0121),(11,612,0.0225),(11,613,0.406),(11,614,0.0837),(11,615,0.0026),(11,617,0.3437),(11,618,0.5556999999999999),(11,619,0.0458),(11,620,0.0195),(11,621,0.1144),(11,624,0.0013),(11,625,0.0013),(11,626,0.0143),(11,627,0),(11,628,0.0104),(11,629,0.015600000000000001),(11,630,0.0013),(11,631,0.0052),(11,645,0.3866),(11,646,0.7653000000000001),(11,652,0.0039000000000000003),(11,653,0.0052),(11,654,0.0013),(11,802,0),(11,803,0),(11,806,101.19999999999999),(11,810,0),(11,811,0),(11,812,0),(11,813,0),(11,814,49.4),(11,815,101.19999999999999),(11,817,0.0013),(11,818,0.0039000000000000003),(11,819,0.0169),(11,820,0.0104),(11,821,0.0143),(11,823,0.0013),(11,824,0.10400000000000001),(11,825,0.0078000000000000005),(11,826,0.0026),(11,827,0.0039000000000000003),(11,829,0.0039000000000000003),(11,831,0.0386),(11,832,0),(11,833,0.0013),(11,834,98),(11,835,0),(11,836,0),(11,837,0),(11,838,0),(11,840,0.0013),(11,845,0.0026),(11,852,0),(11,854,0.0013),(11,855,0.026000000000000002),(11,859,0.0169),(11,861,0.0013),(11,862,84.5),(11,868,0.29900000000000004),(11,869,0.0364),(12,203,58.089999999999996),(12,204,12.690999999999999),(12,205,26.97),(12,207,3.441),(12,208,463.1),(12,210,14.246),(12,211,0.486),(12,212,0.34600000000000003),(12,213,6.6259999999999994),(12,214,0.066),(12,221,0),(12,255,311.135),(12,260,0),(12,261,0),(12,262,0),(12,263,0),(12,268,1936.5),(12,269,22.942),(12,287,1.1460000000000001),(12,291,0),(12,301,266.5),(12,303,2.4739999999999998),(12,304,61.4),(12,305,511.1),(12,306,700.9),(12,307,273.5),(12,309,2.9509999999999996),(12,312,0.11549999999999999),(12,315,0.0784),(12,317,60.63),(12,319,123.6),(12,321,0),(12,323,1.915),(12,324,42.3),(12,339,0.93),(12,401,1.6),(12,404,0.183),(12,405,0.8045),(12,406,12.984099999999998),(12,409,24.9193),(12,410,3.4275),(12,415,0.6258),(12,417,44.9),(12,418,1.8946),(12,430,0.6799999999999999),(12,431,0),(12,501,0.7161000000000001),(12,502,2.7412),(12,503,3.1212),(12,504,4.5773),(12,505,4.8794),(12,506,1.6076),(12,507,0.7785000000000001),(12,508,2.5060000000000002),(12,509,2.0822),(12,510,3.0249),(12,511,3.3487999999999998),(12,512,1.7118),(12,513,3.0728999999999997),(12,514,5.2079),(12,515,8.873999999999999),(12,516,2.6512000000000002),(12,517,2.7019999999999995),(12,518,2.4669000000000003),(12,550,0),(12,601,349.1),(12,605,0.06540000000000001),(12,606,4.5028),(12,607,0),(12,608,0),(12,609,0),(12,610,0.038),(12,611,0.0896),(12,612,0.3276),(12,613,2.9647999999999994),(12,614,1.0316),(12,615,0.0012),(12,617,4.125),(12,618,1.4834),(12,619,0.0738),(12,620,0.075),(12,621,0.07319999999999999),(12,624,0),(12,625,0.0042),(12,626,0.3732),(12,627,0.0012),(12,628,0.030600000000000002),(12,629,0.0162),(12,630,0),(12,631,0.019799999999999998),(12,636,0),(12,638,0),(12,645,4.6182),(12,646,1.9256),(12,652,0.0036),(12,653,0.012),(12,654,0.0024),(12,802,1.72),(12,803,20.76),(12,806,44.9),(12,810,0),(12,814,169.6),(12,815,44.9),(12,816,0),(12,817,0.0042),(12,818,0.0492),(12,819,0),(12,820,0.0042),(12,821,0.18899999999999997),(12,823,0.006599999999999999),(12,824,2.7514000000000003),(12,825,1.4448),(12,826,0.0084),(12,827,0.0096),(12,829,0.0528),(12,831,0.0672),(12,832,0.0048),(12,833,0),(12,834,0),(12,835,0),(12,836,0),(12,837,199.2),(12,838,0.0084),(12,840,0),(12,841,0.0018),(12,843,0),(12,845,0.0072),(12,846,0.0042),(12,847,0),(12,848,0),(12,849,0),(12,852,0),(12,853,0.0102),(12,854,0.0096),(12,855,0.16859999999999997),(12,859,0.012),(12,861,0),(12,862,324.42999999999995),(12,863,8.55),(12,868,0.21839999999999998),(12,869,1.29),(12,874,0),(12,875,0),(12,876,0),(13,203,0.33999999999999997),(13,204,0.21400000000000002),(13,205,72.702),(13,207,0.36),(13,208,282.9),(13,210,2.431),(13,211,3.3),(13,212,7.116999999999999),(13,213,0),(13,214,0),(13,221,0),(13,255,116.39200000000001),(13,262,0),(13,263,0),(13,268,1183.5),(13,269,53.824000000000005),(13,287,0),(13,291,3.1100000000000003),(13,301,13.3),(13,303,0.262),(13,304,10.3),(13,305,19.1),(13,306,163.10000000000002),(13,307,25.1),(13,309,0.068),(13,312,0.0363),(13,315,0.1397),(13,317,0.32),(13,319,0),(13,321,21.099999999999998),(13,323,0.198),(13,324,0),(13,339,0),(13,401,0.72),(13,404,0.0151),(13,405,0.0494),(13,406,0.1058),(13,409,0.1689),(13,410,0.2137),(13,415,0.0655),(13,417,4.9),(13,418,0),(13,430,1.34),(13,431,0),(13,601,0),(13,606,0.004),(13,607,0),(13,608,0),(13,609,0),(13,610,0),(13,611,0),(13,612,0),(13,613,0.0032),(13,614,0.0008),(13,617,0.0008),(13,618,0.0024),(13,619,0.0008),(13,620,0),(13,621,0),(13,626,0),(13,627,0),(13,628,0),(13,629,0),(13,630,0),(13,631,0),(13,645,0.0008),(13,646,0.0032),(13,806,4.9),(13,810,0.055),(13,811,0),(13,812,0),(13,813,0),(13,814,2.2),(13,815,4.9),(13,827,0),(13,831,0.0008),(13,832,0),(13,834,0),(13,835,12.1),(13,836,0),(13,837,29.700000000000003),(13,854,0),(13,861,0),(13,862,11.98),(14,203,56.065),(14,204,18.072),(14,205,52.129999999999995),(14,207,7.372),(14,208,579.2),(14,210,0),(14,211,3.255),(14,212,0.375),(14,213,0),(14,214,0),(14,221,0),(14,255,297.169),(14,260,0),(14,261,0),(14,262,0),(14,263,0),(14,268,2417.7),(14,269,11.719999999999999),(14,287,0),(14,291,15.100000000000001),(14,301,287.2),(14,303,4.091),(14,304,170),(14,305,842.4),(14,306,1530.3),(14,307,448),(14,309,2.866),(14,312,0.7433),(14,315,1.9523000000000001),(14,317,203.38),(14,319,32.4),(14,321,82.5),(14,323,4.832000000000001),(14,324,198),(14,339,5.039999999999999),(14,401,26.1),(14,404,0.5438999999999999),(14,405,0.4265),(14,406,37.673),(14,409,48.3841),(14,410,2.5955),(14,415,1.9594),(14,417,105.1),(14,418,3.744),(14,430,1.18),(14,431,0),(14,501,0.6426000000000001),(14,502,2.251),(14,503,2.4305999999999996),(14,504,4.2700000000000005),(14,505,4.3941),(14,506,1.4495999999999998),(14,507,0.6882999999999999),(14,508,2.2224),(14,509,1.7732),(14,510,2.7612),(14,511,3.0836999999999994),(14,512,1.5259),(14,513,3.0767),(14,514,5.2152),(14,515,9.3217),(14,516,2.5556),(14,517,2.4946),(14,518,2.3242),(14,601,70.2),(14,605,0.0288),(14,606,3.5836),(14,607,0),(14,608,0),(14,609,0),(14,610,0),(14,611,0.0028),(14,612,0.0192),(14,613,3.3243),(14,614,0.21250000000000002),(14,615,0.0036),(14,617,7.6619),(14,618,3.1912),(14,619,0.1936),(14,620,0.028999999999999998),(14,621,0.15839999999999999),(14,624,0.0018),(14,625,0.0018),(14,626,1.2913000000000001),(14,627,0),(14,628,0.0144),(14,629,0.0216),(14,630,0.0018),(14,631,0.0072),(14,645,8.991299999999999),(14,646,3.6136),(14,652,0.0054),(14,653,0.0072),(14,654,0.0018),(14,802,0),(14,803,0),(14,806,105.1),(14,810,0),(14,811,0.12),(14,812,0.585),(14,813,0),(14,814,42.9),(14,815,105.1),(14,817,0.0018),(14,818,0.0054),(14,819,0.023399999999999997),(14,820,0.0144),(14,821,0.019799999999999998),(14,823,0.0018),(14,824,0.14400000000000002),(14,825,0.0108),(14,826,0.0036),(14,827,0.0054),(14,829,0.0054),(14,831,0.18760000000000002),(14,832,0),(14,833,0.0018),(14,834,41.5),(14,835,54),(14,836,0),(14,837,91),(14,838,0),(14,840,0.0018),(14,845,0.0036),(14,852,0),(14,854,0.0018),(14,855,0.036000000000000004),(14,859,0.023399999999999997),(14,861,0.0018),(14,862,130.7),(14,868,0.414),(14,869,0.0504),(15,203,16.916),(15,204,64.94200000000001),(15,205,10.601999999999999),(15,207,2.09),(15,208,678),(15,210,0.132),(15,211,0.252),(15,212,0.132),(15,213,0.132),(15,214,0.132),(15,221,0),(15,255,166.57500000000002),(15,262,0),(15,263,0),(15,268,2835.7),(15,269,2.808),(15,287,0.132),(15,291,1.08),(15,301,117.3),(15,303,2.1729999999999996),(15,304,26.200000000000003),(15,305,250.5),(15,306,339.6),(15,307,272.5),(15,309,1.7699999999999998),(15,312,0.11630000000000001),(15,315,0.1958),(15,317,44.36),(15,319,580),(15,321,139.3),(15,323,6.26),(15,324,106.8),(15,339,2.49),(15,401,7.4700000000000015),(15,404,0.1429),(15,405,0.7259),(15,406,0.7014),(15,409,5.171800000000001),(15,410,3.2404),(15,415,0.2235),(15,417,87.9),(15,418,2.1259),(15,430,20.509999999999998),(15,431,7.2),(15,501,0.2682),(15,502,0.7663000000000001),(15,503,0.9027),(15,504,1.5049000000000001),(15,505,1.238),(15,506,0.5292),(15,507,0.38770000000000004),(15,508,0.9514),(15,509,0.7021),(15,510,1.1226),(15,511,1.0526),(15,512,0.42819999999999997),(15,513,0.9723999999999999),(15,514,1.7507),(15,515,2.5175),(15,516,0.5817),(15,517,0.7844),(15,518,1.2377),(15,550,0),(15,601,561.0999999999999),(15,605,2.6161999999999996),(15,606,30.466900000000003),(15,607,1.6130000000000002),(15,608,1.0035),(15,609,0.595),(15,610,1.2671999999999999),(15,611,1.3028000000000004),(15,612,3.7867),(15,613,14.1707),(15,614,6.1809),(15,615,0.0714),(15,617,14.552499999999998),(15,618,2.6948),(15,619,1.3494),(15,620,0),(15,621,0.08909999999999998),(15,624,0),(15,625,0.0084),(15,626,0.8669),(15,627,0.0024),(15,628,0.2732),(15,629,0.0024),(15,630,0),(15,631,0.010499999999999999),(15,636,2),(15,638,0),(15,645,22.5804),(15,646,6.829699999999999),(15,652,0.0072),(15,653,0.30400000000000005),(15,654,0.0048),(15,806,81.6),(15,811,0),(15,812,0),(15,813,0),(15,814,644.1),(15,815,92.4),(15,816,2),(15,817,0.0084),(15,818,1.5414000000000003),(15,819,0.148),(15,820,0.0084),(15,821,0.8584999999999999),(15,823,0.013199999999999998),(15,824,13.011800000000001),(15,825,2.3766),(15,826,0.0168),(15,827,0.0192),(15,829,1.5486000000000004),(15,831,0.2319),(15,832,0.0096),(15,833,0),(15,834,0),(15,835,0),(15,836,0),(15,837,1658.4),(15,838,0.15030000000000002),(15,840,0),(15,841,0.0036),(15,845,0.0144),(15,846,0.0084),(15,847,0),(15,849,0),(15,852,0),(15,853,0.0204),(15,854,0.0192),(15,855,0.18719999999999998),(15,859,0.172),(15,861,0),(15,862,361.96),(15,868,0.3278),(15,869,2.604),(15,874,0),(15,875,0),(15,876,0),(17,203,16.21),(17,204,12.427000000000001),(17,205,74.925),(17,207,1.887),(17,208,458.4),(17,210,0.132),(17,211,0.252),(17,212,0.132),(17,213,0.132),(17,214,0.132),(17,221,0),(17,255,245.595),(17,262,0),(17,263,0),(17,268,1917.4),(17,269,0.924),(17,287,0.132),(17,291,0.72),(17,301,115.1),(17,303,3.098),(17,304,22.8),(17,305,194.89999999999998),(17,306,420.1),(17,307,168.1),(17,309,1.6019999999999999),(17,312,1.234),(17,315,0.36330000000000007),(17,317,41.76),(17,319,229.2),(17,321,252.3),(17,323,2.94),(17,324,69.6),(17,339,1.56),(17,401,12.8),(17,404,0.1195),(17,405,0.6495),(17,406,1.1522000000000001),(17,409,5.4492),(17,410,2.9805),(17,415,0.1371),(17,417,129.3),(17,418,1.9392000000000003),(17,430,0.36),(17,431,0),(17,501,0.2352),(17,502,0.6744000000000001),(17,503,0.7764),(17,504,1.2816),(17,505,1.0848),(17,506,0.4692),(17,507,0.336),(17,508,0.8220000000000001),(17,509,0.6024),(17,510,0.9708000000000001),(17,511,0.9336),(17,512,0.3636),(17,513,0.8508),(17,514,1.5108),(17,515,1.956),(17,516,0.49439999999999995),(17,517,0.576),(17,518,1.1148),(17,550,0),(17,601,439.2),(17,605,0.08280000000000001),(17,606,3.6516),(17,607,0),(17,608,0),(17,609,0),(17,610,0),(17,611,0.0012),(17,612,0.0372),(17,613,2.6615999999999995),(17,614,0.9132000000000001),(17,615,0.0024),(17,617,4.572),(17,618,1.3307999999999998),(17,619,0.0876),(17,621,0.08639999999999999),(17,624,0),(17,625,0.0084),(17,626,0.3864),(17,627,0.0024),(17,628,0.0252),(17,629,0.0024),(17,630,0),(17,631,0.0096),(17,636,0),(17,638,0),(17,645,5.018400000000001),(17,646,1.7351999999999999),(17,652,0.0072),(17,653,0.024),(17,654,0.0048),(17,806,129.3),(17,814,253.5),(17,815,129.3),(17,816,0),(17,817,0.0084),(17,818,0.0504),(17,820,0.0084),(17,821,0.37799999999999995),(17,823,0.013199999999999998),(17,824,4.5228),(17,825,1.2936),(17,826,0.0168),(17,827,0.0192),(17,829,0.0576),(17,831,0.0744),(17,832,0.0096),(17,833,0),(17,834,73.5),(17,835,0),(17,836,0),(17,837,398.4),(17,838,0.0168),(17,840,0),(17,841,0.0036),(17,845,0.0144),(17,846,0.0084),(17,847,0),(17,849,0),(17,852,0),(17,853,0.0204),(17,854,0.0192),(17,855,0.18719999999999998),(17,859,0.024),(17,861,0),(17,862,352.56),(17,868,0.17279999999999998),(17,869,1.524),(17,874,0),(17,875,0),(17,876,0),(18,203,11.361),(18,204,59.634),(18,205,10.709),(18,207,1.9880000000000004),(18,208,601.2),(18,210,0.077),(18,211,2.7509999999999994),(18,212,0.377),(18,213,0.077),(18,214,0.077),(18,221,0),(18,255,156.917),(18,262,0),(18,263,0),(18,268,2513.7),(18,269,3.473),(18,287,0.077),(18,291,6.72),(18,301,55.5),(18,303,1.187),(18,304,36.1),(18,305,148.2),(18,306,513),(18,307,95.4),(18,309,1.3369999999999997),(18,312,0.41969999999999996),(18,315,0.15030000000000002),(18,317,24.51),(18,319,469.2),(18,321,142.6),(18,323,6.067000000000001),(18,324,70.6),(18,339,1.6600000000000001),(18,401,20.88),(18,404,0.06970000000000001),(18,405,0.40959999999999996),(18,406,0.9051),(18,409,3.8524000000000003),(18,410,2.8802),(18,415,0.1427),(18,417,81.3),(18,418,1.2162),(18,430,3.71),(18,431,0),(18,501,0.1768),(18,502,0.5108),(18,503,0.5912),(18,504,0.9811),(18,505,0.8427),(18,506,0.3346),(18,507,0.23720000000000002),(18,508,0.6295999999999999),(18,509,0.43670000000000003),(18,510,0.7388),(18,511,0.6789),(18,512,0.2896),(18,513,0.6559999999999999),(18,514,1.2301),(18,515,1.6152),(18,516,0.4366),(18,517,0.509),(18,518,0.8269),(18,550,0),(18,601,363.7),(18,605,2.2657999999999996),(18,606,30.1661),(18,607,1.6130000000000002),(18,608,1.0035),(18,609,0.595),(18,610,1.2645),(18,611,1.2942000000000002),(18,612,3.7397),(18,613,14.6871),(18,614,5.5982),(18,615,0.0704),(18,617,18.2743),(18,618,4.0363),(18,619,0.3238),(18,620,0),(18,621,0.0504),(18,624,0),(18,625,0.0049),(18,626,1.6959),(18,627,0.0014000000000000002),(18,628,0.06470000000000001),(18,629,0.0014000000000000002),(18,630,0),(18,631,0.005600000000000001),(18,636,2),(18,638,0),(18,645,20.0535),(18,646,4.5449),(18,652,0.0042),(18,653,0.29400000000000004),(18,654,0.0028000000000000004),(18,806,81.3),(18,811,0.096),(18,812,0.468),(18,813,0),(18,814,484.1),(18,815,81.3),(18,816,2),(18,817,0.0049),(18,818,1.5204000000000004),(18,819,0.148),(18,820,0.0049),(18,821,0.701),(18,823,0.007699999999999999),(18,824,11.1273),(18,825,1.8376000000000001),(18,826,0.0098),(18,827,0.011200000000000002),(18,829,1.5246000000000004),(18,831,0.3161),(18,832,0.005600000000000001),(18,833,0),(18,834,32.4),(18,835,43.2),(18,836,0),(18,837,232.4),(18,838,0.1433),(18,840,0),(18,841,0.0021),(18,845,0.0084),(18,846,0.0049),(18,847,0),(18,849,0),(18,852,0),(18,853,0.0119),(18,854,0.011200000000000002),(18,855,0.1092),(18,859,0.162),(18,861,0),(18,862,215.06),(18,868,0.2558),(18,869,1.969),(18,874,0),(18,875,0),(18,876,0),(19,203,43.658),(19,204,18.262999999999998),(19,205,55.872),(19,207,6.008),(19,208,573.8000000000001),(19,210,0.144),(19,211,0.064),(19,212,0.048),(19,213,0),(19,214,0.64),(19,221,0),(19,255,236.337),(19,260,0),(19,261,0),(19,262,0),(19,263,0),(19,268,2398.7),(19,269,2.338),(19,287,0),(19,291,3.7199999999999998),(19,301,60.199999999999996),(19,303,3.655),(19,304,68.6),(19,305,455.8),(19,306,629.6),(19,307,1817.6999999999998),(19,309,4.4159999999999995),(19,312,0.306),(19,315,0.641),(19,317,77.36000000000001),(19,319,11.9),(19,321,46.9),(19,323,2.114),(19,324,49.800000000000004),(19,339,1.31),(19,401,5.81),(19,404,0.9692000000000001),(19,405,0.47490000000000004),(19,406,7.591599999999999),(19,409,16.6544),(19,410,1.0268),(19,415,0.7986),(19,417,33.2),(19,418,0.9891000000000001),(19,430,12.95),(19,431,5.6),(19,501,0.5438000000000001),(19,502,1.8345000000000002),(19,503,1.8706),(19,504,3.4298),(19,505,3.0671),(19,506,1.0018),(19,507,0.708),(19,508,1.9665),(19,509,1.303),(19,510,1.9269000000000003),(19,511,2.5332),(19,512,1.4199),(19,513,2.318),(19,514,3.6901),(19,515,8.950299999999999),(19,516,2.0671),(19,517,2.638),(19,518,1.8515),(19,601,82.7),(19,605,0.2457),(19,606,3.5535),(19,607,0),(19,608,0),(19,609,0),(19,610,0.028100000000000003),(19,611,0.0419),(19,612,0.12510000000000002),(19,613,2.2732),(19,614,0.9590000000000001),(19,617,3.2255999999999996),(19,618,1.1219999999999999),(19,619,0.9753),(19,620,0.09100000000000001),(19,621,0.0021),(19,626,0.273),(19,627,0),(19,628,0.154),(19,629,0),(19,630,0),(19,631,0.0007000000000000001),(19,636,0),(19,638,0),(19,645,8.9831),(19,646,4.1084000000000005),(19,802,0),(19,803,0),(19,806,28.3),(19,810,0),(19,814,56.7),(19,815,36.7),(19,816,0),(19,827,0),(19,831,0.11),(19,832,0),(19,834,0),(19,835,0),(19,836,0),(19,837,980),(19,840,0),(19,852,0),(19,854,0),(19,861,0),(19,862,132.47),(19,863,8.84),(20,203,18.121),(20,204,5.781),(20,205,19.714),(20,207,3.28),(20,208,203.3),(20,210,9.216999999999999),(20,211,0.23399999999999999),(20,212,0.18200000000000002),(20,213,4.263999999999999),(20,221,0),(20,255,233.117),(20,262,0),(20,263,0),(20,268,850.4),(20,269,14.612),(20,287,0.7020000000000001),(20,291,0),(20,301,177),(20,303,1.3579999999999999),(20,304,31.5),(20,305,289.2),(20,306,510.8),(20,307,851.6),(20,309,1.51),(20,312,0.1347),(20,315,0.23080000000000003),(20,317,17.04),(20,319,0),(20,321,133),(20,323,0.196),(20,324,21.5),(20,339,0.55),(20,401,4.24),(20,404,0.47159999999999996),(20,405,0.34709999999999996),(20,406,4.0626),(20,409,7.239599999999999),(20,410,1.0126),(20,415,0.3205),(20,417,50.2),(20,418,0.7669999999999999),(20,430,0.13),(20,431,0),(20,501,0.1785),(20,502,0.8556999999999999),(20,503,0.7422),(20,504,1.2911000000000001),(20,505,1.3725999999999998),(20,506,0.44),(20,507,0.1861),(20,508,0.634),(20,509,0.5706),(20,510,0.7326),(20,511,0.8300000000000001),(20,512,0.5569999999999999),(20,513,0.7959),(20,514,1.3857),(20,515,2.5779),(20,516,0.6957),(20,517,0.8604),(20,518,0.7286),(20,601,38.1),(20,605,0.015600000000000001),(20,606,2.3312999999999997),(20,607,0),(20,608,0),(20,609,0),(20,610,0.0397),(20,611,0.0581),(20,612,0.2366),(20,613,1.3916),(20,614,0.609),(20,615,0),(20,617,2.1721),(20,618,0.3892),(20,619,0.06),(20,620,0),(20,621,0),(20,624,0),(20,625,0),(20,626,0.19),(20,627,0),(20,628,0),(20,629,0),(20,630,0),(20,631,0),(20,636,0),(20,638,0),(20,645,2.3866),(20,646,0.44920000000000004),(20,652,0),(20,653,0),(20,654,0),(20,802,1.1179999999999999),(20,803,13.494000000000002),(20,806,50.2),(20,814,42.9),(20,815,50.2),(20,816,0),(20,817,0),(20,818,0.015600000000000001),(20,819,0),(20,820,0),(20,821,0),(20,823,0),(20,824,0.3185),(20,825,0.031200000000000002),(20,826,0),(20,827,0),(20,829,0.015600000000000001),(20,831,0.06),(20,832,0),(20,833,0),(20,834,49),(20,835,0),(20,836,0),(20,837,0),(20,838,0),(20,840,0),(20,841,0),(20,843,0),(20,845,0),(20,846,0),(20,848,0),(20,849,0),(20,852,0),(20,853,0),(20,854,0),(20,855,0),(20,859,0),(20,861,0),(20,862,60.06),(20,863,1.15),(20,868,0),(20,869,0.031200000000000002),(21,203,16.294999999999998),(21,204,9.022),(21,205,27.869999999999997),(21,207,2.567),(21,208,247.7),(21,210,10.792),(21,211,0.907),(21,212,1.0270000000000001),(21,213,4.996999999999999),(21,214,0.077),(21,221,0),(21,255,264.86),(21,262,0),(21,263,0),(21,268,1036),(21,269,18.789),(21,287,0.887),(21,291,2.4),(21,301,236.5),(21,303,1.883),(21,304,42.3),(21,305,296.2),(21,306,636.8),(21,307,206.5),(21,309,1.8619999999999999),(21,312,0.11299999999999999),(21,315,0.24480000000000005),(21,317,30.560000000000002),(21,319,133.7),(21,321,929),(21,323,3.1950000000000003),(21,324,40.6),(21,339,0.91),(21,401,66.10000000000001),(21,404,0.168),(21,405,0.71),(21,406,0.7912000000000001),(21,409,4.7701),(21,410,3.1519999999999997),(21,415,0.31510000000000005),(21,417,151.8),(21,418,1.5662),(21,430,141.46),(21,431,0),(21,501,0.23870000000000002),(21,502,0.9153999999999999),(21,503,0.8734),(21,504,1.4001000000000001),(21,505,1.2658),(21,506,0.4442),(21,507,0.2675),(21,508,0.8730000000000001),(21,509,0.6469),(21,510,0.9923000000000001),(21,511,0.9396),(21,512,0.4101),(21,513,0.8173),(21,514,1.6438),(21,515,2.7295),(21,516,0.5904),(21,517,0.9165000000000001),(21,518,1.0897999999999999),(21,550,0),(21,601,266.7),(21,605,0.0663),(21,606,3.2606),(21,607,0),(21,608,0),(21,609,0),(21,610,0.0285),(21,611,0.0582),(21,612,0.2197),(21,613,2.1816),(21,614,0.7407),(21,615,0.0054),(21,617,3.0965),(21,618,0.8783000000000001),(21,619,0.17009999999999997),(21,620,0),(21,621,0.0504),(21,624,0.005),(21,625,0.0049),(21,626,0.2344),(21,627,0.0014000000000000002),(21,628,0.014700000000000001),(21,629,0.0014000000000000002),(21,630,0),(21,631,0.005600000000000001),(21,636,0),(21,638,0),(21,645,3.3904),(21,646,1.2331999999999999),(21,652,0.0042),(21,653,0.014000000000000002),(21,654,0.0028000000000000004),(21,802,1.29),(21,803,15.570000000000002),(21,806,151.8),(21,810,0),(21,811,0.01),(21,812,0.25),(21,813,0),(21,814,245.2),(21,815,151.8),(21,816,0),(21,817,0.0049),(21,818,0.047400000000000005),(21,819,0),(21,820,0.0049),(21,821,0.2205),(21,823,0.007699999999999999),(21,824,3.0058),(21,825,0.7906000000000001),(21,826,0.0118),(21,827,0.011200000000000002),(21,829,0.0516),(21,831,0.1624),(21,832,0.005600000000000001),(21,833,0),(21,834,0),(21,835,0),(21,836,0),(21,837,1312.4),(21,838,0.0098),(21,840,0),(21,841,0.0021),(21,843,0),(21,845,0.0084),(21,846,0.0049),(21,847,0),(21,848,0),(21,849,0),(21,852,0),(21,853,0.0119),(21,854,0.011200000000000002),(21,855,0.1092),(21,859,0.014000000000000002),(21,861,0),(21,862,268.56),(21,863,0.1),(21,868,0.1008),(21,869,0.925),(21,874,0),(21,875,0),(21,876,0);
/*!40000 ALTER TABLE `nutrient_in_diet` ENABLE KEYS */;
UNLOCK TABLES;

--
-- Table structure for table `nutrient_name`
--

DROP TABLE IF EXISTS `nutrient_name`;
/*!40101 SET @saved_cs_client     = @@character_set_client */;
/*!50503 SET character_set_client = utf8mb4 */;
CREATE TABLE `nutrient_name` (
  `Nutrient_ID` int NOT NULL,
  `Nutrient_Unit` text,
  `Nutrient_Name` text,
  PRIMARY KEY (`Nutrient_ID`)
) ENGINE=InnoDB DEFAULT CHARSET=utf8mb4 COLLATE=utf8mb4_0900_ai_ci;
/*!40101 SET character_set_client = @saved_cs_client */;

--
-- Dumping data for table `nutrient_name`
--

LOCK TABLES `nutrient_name` WRITE;
/*!40000 ALTER TABLE `nutrient_name` DISABLE KEYS */;
INSERT INTO `nutrient_name` VALUES (203,'g','PROTEIN'),(204,'g','FAT (TOTAL LIPIDS)'),(205,'g','CARBOHYDRATE, TOTAL (BY DIFFERENCE)'),(207,'g','ASH, TOTAL'),(208,'kCal','ENERGY (KILOCALORIES)'),(210,'g','SUCROSE'),(211,'g','GLUCOSE'),(212,'g','FRUCTOSE'),(213,'g','LACTOSE'),(214,'g','MALTOSE'),(221,'g','ALCOHOL'),(245,'mg','OXALIC ACID'),(255,'g','MOISTURE'),(260,'g','MANNITOL'),(261,'g','SORBITOL'),(262,'mg','CAFFEINE'),(263,'mg','THEOBROMINE'),(268,'kJ','ENERGY (KILOJOULES)'),(269,'g','SUGARS, TOTAL'),(287,'g','GALACTOSE'),(291,'g','FIBRE, TOTAL DIETARY'),(301,'mg','CALCIUM'),(303,'mg','IRON'),(304,'mg','MAGNESIUM'),(305,'mg','PHOSPHORUS'),(306,'mg','POTASSIUM'),(307,'mg','SODIUM'),(309,'mg','ZINC'),(312,'mg','COPPER'),(315,'mg','MANGANESE'),(317,'g','SELENIUM'),(319,'g','RETINOL'),(321,'g','BETA CAROTENE'),(323,'mg','ALPHA-TOCOPHEROL'),(324,'IU','VITAMIN D (INTERNATIONAL UNITS)'),(339,'g','VITAMIN D (D2 + D3)'),(401,'mg','VITAMIN C'),(404,'mg','THIAMIN'),(405,'mg','RIBOFLAVIN'),(406,'mg','NIACIN (NICOTINIC ACID) PREFORMED'),(409,'NE','TOTAL NIACIN EQUIVALENT'),(410,'mg','PANTOTHENIC ACID'),(415,'mg','VITAMIN B-6'),(416,'g','BIOTIN'),(417,'g','TOTAL FOLACIN'),(418,'g','VITAMIN B-12'),(430,'g','VITAMIN K'),(431,'g','FOLIC ACID'),(501,'g','TRYPTOPHAN'),(502,'g','THREONINE'),(503,'g','ISOLEUCINE'),(504,'g','LEUCINE'),(505,'g','LYSINE'),(506,'g','METHIONINE'),(507,'g','CYSTINE'),(508,'g','PHENYLALANINE'),(509,'g','TYROSINE'),(510,'g','VALINE'),(511,'g','ARGININE'),(512,'g','HISTIDINE'),(513,'g','ALANINE'),(514,'g','ASPARTIC ACID'),(515,'g','GLUTAMIC ACID'),(516,'g','GLYCINE'),(517,'g','PROLINE'),(518,'g','SERINE'),(550,'mg','ASPARTAME'),(601,'mg','CHOLESTEROL'),(605,'g','FATTY ACIDS, TRANS, TOTAL'),(606,'g','FATTY ACIDS, SATURATED, TOTAL'),(607,'g','FATTY ACIDS, SATURATED, 4:0, BUTANOIC'),(608,'g','FATTY ACIDS, SATURATED, 6:0, HEXANOIC'),(609,'g','FATTY ACIDS, SATURATED, 8:0, OCTANOIC'),(610,'g','FATTY ACIDS, SATURATED, 10:0, DECANOIC'),(611,'g','FATTY ACIDS, SATURATED, 12:0, DODECANOIC'),(612,'g','FATTY ACIDS, SATURATED, 14:0, TETRADECANOIC'),(613,'g','FATTY ACIDS, SATURATED, 16:0, HEXADECANOIC'),(614,'g','FATTY ACIDS, SATURATED, 18:0, OCTADECANOIC'),(615,'g','FATTY ACIDS, SATURATED, 20:0, EICOSANOIC'),(617,'g','FATTY ACIDS, MONOUNSATURATED, 18:1undifferentiated, OCTADECENOIC'),(618,'g','FATTY ACIDS, POLYUNSATURATED, 18:2undifferentiated, LINOLEIC, OCTADECADIENOIC'),(619,'g','FATTY ACIDS, POLYUNSATURATED, 18:3undifferentiated, LINOLENIC, OCTADECATRIENOIC'),(620,'g','FATTY ACIDS, POLYUNSATURATED, 20:4, EICOSATETRAENOIC'),(621,'g','FATTY ACIDS, POLYUNSATURATED, 22:6 n-3, DOCOSAHEXAENOIC (DHA)'),(624,'g','FATTY ACIDS, SATURATED, 22:0, DOCOSANOIC'),(625,'g','FATTY ACIDS, MONOUNSATURATED, 14:1, TETRADECENOIC'),(626,'g','FATTY ACIDS, MONOUNSATURATED, 16:1undifferentiated, HEXADECENOIC'),(627,'g','FATTY ACIDS, POLYUNSATURATED, 18:4, OCTADECATETRAENOIC'),(628,'g','FATTY ACIDS, MONOUNSATURATED, 20:1, EICOSENOIC'),(629,'g','FATTY ACIDS, POLYUNSATURATED, 20:5 n-3, EICOSAPENTAENOIC (EPA)'),(630,'g','FATTY ACIDS, MONOUNSATURATED, 22:1undifferentiated, DOCOSENOIC'),(631,'g','FATTY ACIDS, POLYUNSATURATED, 22:5 n-3, DOCOSAPENTAENOIC (DPA)'),(636,'mg','TOTAL PLANT STEROL'),(638,'mg','STIGMASTEROL'),(645,'g','FATTY ACIDS, MONOUNSATURATED, TOTAL'),(646,'g','FATTY ACIDS, POLYUNSATURATED, TOTAL'),(652,'g','FATTY ACIDS, SATURATED, 15:0, PENTADECANOIC'),(653,'g','FATTY ACIDS, SATURATED, 17:0, HEPTADECANOIC'),(654,'g','FATTY ACIDS, SATURATED, 24:0, TETRACOSANOIC'),(802,'g','TOTAL MONOSACCARIDES'),(803,'g','TOTAL DISACCHARIDES'),(806,'g','NATURALLY OCCURRING FOLATE'),(810,'g','STARCH'),(811,'mg','BETA-TOCOPHEROL'),(812,'mg','GAMMA-TOCOPHEROL'),(813,'mg','DELTA-TOCOPHEROL'),(814,'g','RETINOL ACTIVITY EQUIVALENTS'),(815,'g','DIETARY FOLATE EQUIVALENTS'),(816,'mg','BETA-SITOSTEROL'),(817,'g','FATTY ACIDS, MONOUNSATURATED, 16:1t, HEXADECENOIC'),(818,'g','FATTY ACIDS, MONOUNSATURATED, 18:1t, OCTADECENOIC'),(819,'g','FATTY ACIDS, POLYUNSATURATED, 18:2i, LINOLEIC, OCTADECADIENOIC'),(820,'g','FATTY ACIDS, MONOUNSATURATED, 24:1c, TETRACOSENOIC'),(821,'g','FATTY ACIDS, MONOUNSATURATED, 16:1c, HEXADECENOIC'),(823,'g','FATTY ACIDS, POLYUNSATURATED, 20:2 c,c  EICOSADIENOIC'),(824,'g','FATTY ACIDS, MONOUNSATURATED, 18:1c, OCTADECENOIC'),(825,'g','FATTY ACIDS, POLYUNSATURATED, 18:2 c,c n-6,  LINOLEIC, OCTADECADIENOIC'),(826,'g','FATTY ACIDS, MONOUNSATURATED, 17:1, HEPTADECENOIC'),(827,'g','FATTY ACIDS, POLYUNSATURATED, 20:3, EICOSATRIENOIC'),(828,'g','HYDROXYPROLINE'),(829,'g','FATTY ACIDS, TOTAL TRANS-MONOENOIC'),(830,'g','FATTY ACIDS, SATURATED, 13:0 TRIDECANOIC'),(831,'g','FATTY ACIDS, POLYUNSATURATED, 18:3 c,c,c n-3  LINOLENIC, OCTADECATRIENOIC'),(832,'g','FATTY ACIDS, POLYUNSATURATED, 18:3 c,c,c n-6, g-LINOLENIC, OCTADECATRIENOIC'),(833,'g','FATTY ACIDS, MONOUNSATURATED, 15:1, PENTADECENOIC'),(834,'g','ALPHA CAROTENE'),(835,'g','BETA CRYPTOXANTHIN'),(836,'g','LYCOPENE'),(837,'g','LUTEIN AND ZEAXANTHIN'),(838,'g','FATTY ACIDS, POLYUNSATURATED, CONJUGATED, 18:2 cla, LINOLEIC, OCTADECADIENOIC'),(840,'g','FATTY ACIDS, MONOUNSATURATED, 22:1c, DOCOSENOIC'),(841,'g','FATTY ACIDS, POLYUNSATURATED, 18:3i, LINOLENIC, OCTADECATRIENOIC'),(843,'g','FATTY ACIDS, POLYUNSATURATED, 21:5'),(845,'g','FATTY ACIDS, POLYUNSATURATED, 22:4 n-6, DOCOSATETRAENOIC'),(846,'g','FATTY ACIDS, MONOUNSATURATED,  24:1undifferentiated, TETRACOSENOIC'),(847,'g','FATTY ACIDS, MONOUNSATURATED, 12:1, LAUROLEIC'),(848,'g','FATTY ACIDS, POLYUNSATURATED, 22:3,'),(849,'g','FATTY ACIDS, POLYUNSATURATED, 22:2, DOCOSADIENOIC'),(852,'g','FATTY ACIDS, MONOUNSATURATED, 22:1t, DOCOSENOIC'),(853,'g','FATTY ACIDS, POLYUNSATURATED, 18:2t,t , OCTADECADIENENOIC'),(854,'g','FATTY ACIDS, POLYUNSATURATED, 20:3 n-6, EICOSATRIENOIC'),(855,'g','FATTY ACIDS, POLYUNSATURATED, 20:4 n-6, ARACHIDONIC'),(859,'g','FATTY ACIDS, TOTAL TRANS-POLYENOIC'),(861,'g','FATTY ACIDS, POLYUNSATURATED, 20:3 n-3 EICOSATRIENOIC'),(862,'mg','CHOLINE, TOTAL'),(863,'mg','BETAINE'),(866,'mg','CAMPESTEROL'),(868,'g','FATTY ACIDS, POLYUNSATURATED, TOTAL OMEGA  N-3'),(869,'g','FATTY ACIDS, POLYUNSATURATED, TOTAL OMEGA   N-6'),(874,'g','VITAMIN B12, ADDED'),(875,'mg','ALPHA-TOCOPHEROL, ADDED'),(876,'g','VITAMIN D2, ERGOCALCIFEROL');
/*!40000 ALTER TABLE `nutrient_name` ENABLE KEYS */;
UNLOCK TABLES;

--
-- Table structure for table `user`
--

DROP TABLE IF EXISTS `user`;
/*!40101 SET @saved_cs_client     = @@character_set_client */;
/*!50503 SET character_set_client = utf8mb4 */;
CREATE TABLE `user` (
  `account_id` int NOT NULL AUTO_INCREMENT,
  `username` varchar(45) NOT NULL,
  `password` varchar(45) NOT NULL,
  PRIMARY KEY (`account_id`)
) ENGINE=InnoDB AUTO_INCREMENT=6 DEFAULT CHARSET=utf8mb4 COLLATE=utf8mb4_0900_ai_ci;
/*!40101 SET character_set_client = @saved_cs_client */;

--
-- Dumping data for table `user`
--

LOCK TABLES `user` WRITE;
/*!40000 ALTER TABLE `user` DISABLE KEYS */;
INSERT INTO `user` VALUES (1,'abc','abc'),(2,'d22','666'),(4,'xxx','yyy'),(5,'qqq','qqq');
/*!40000 ALTER TABLE `user` ENABLE KEYS */;
UNLOCK TABLES;

--
-- Final view structure for view `foods`
--

/*!50001 DROP VIEW IF EXISTS `foods`*/;
/*!50001 SET @saved_cs_client          = @@character_set_client */;
/*!50001 SET @saved_cs_results         = @@character_set_results */;
/*!50001 SET @saved_col_connection     = @@collation_connection */;
/*!50001 SET character_set_client      = utf8mb4 */;
/*!50001 SET character_set_results     = utf8mb4 */;
/*!50001 SET collation_connection      = utf8mb4_0900_ai_ci */;
/*!50001 CREATE ALGORITHM=UNDEFINED */
/*!50013 DEFINER=`root`@`localhost` SQL SECURITY DEFINER */
/*!50001 VIEW `foods` AS select `d`.`id` AS `id`,`fd`.`food_id` AS `food_id`,`fn`.`Food_Description` AS `Food_Description`,`fn`.`food_group_id` AS `food_group_id`,`fg`.`FoodGroupName` AS `FoodGroupName`,`fg`.`CategoryName` AS `CategoryName`,`fd`.`Quantity` AS `Quantity`,(`fd`.`Quantity` / `fn`.`value_per_serving`) AS `value_CFG` from (((`diet` `d` join `food_in_diet` `fd` on((`d`.`id` = `fd`.`diet_id`))) join `food_name` `fn` on((`fd`.`food_id` = `fn`.`Food_ID`))) join `food_group` `fg` on((`fn`.`food_group_id` = `fg`.`FoodGroupID`))) where (`d`.`account_id` = 1) */;
/*!50001 SET character_set_client      = @saved_cs_client */;
/*!50001 SET character_set_results     = @saved_cs_results */;
/*!50001 SET collation_connection      = @saved_col_connection */;
/*!40103 SET TIME_ZONE=@OLD_TIME_ZONE */;

/*!40101 SET SQL_MODE=@OLD_SQL_MODE */;
/*!40014 SET FOREIGN_KEY_CHECKS=@OLD_FOREIGN_KEY_CHECKS */;
/*!40014 SET UNIQUE_CHECKS=@OLD_UNIQUE_CHECKS */;
/*!40101 SET CHARACTER_SET_CLIENT=@OLD_CHARACTER_SET_CLIENT */;
/*!40101 SET CHARACTER_SET_RESULTS=@OLD_CHARACTER_SET_RESULTS */;
/*!40101 SET COLLATION_CONNECTION=@OLD_COLLATION_CONNECTION */;
/*!40111 SET SQL_NOTES=@OLD_SQL_NOTES */;

-- Dump completed on 2023-11-21 15:09:39
